CUST ID,classes,term,limit,amt_in_acct,no_of_loan,area,province,credit_level,gender,age,monthly_saving,monthly_investment,monthly_insurance,credit_card
274513315b3c4fb0921c536f1e149eae,2,36,56000,7606.08,1,城,省内,4,女,33,17,0,0,否
4bc3d253f93f4a9da619324e5d077c4b,5,36,60000,11882.1,1,乡,省内,4,男,45,0,0,0,否
74f530672e964a37be4de6c65dd5085b,5,36,71000,12927.49,1,乡,省内,4,女,46,2024.87,0,0,否
ab11ea91bb48418ebdd9a5b0269595ca,3,36,110000,13186.19,1,乡,省内,5,女,55,0,0,0,否
002a5c2f9e7e418985ce40f5ed580203,1,36,75000,15452.44,1,城,省内,4,男,30,319.27,0,0,否
40cda828fba241beb09d3254ae38390b,2,36,44000,15687.65,1,城,省内,5,男,36,0.04,0,4000,否
14820c44be2544c68ced550d4caac88e,2,60,30000,15843.08,1,乡,省内,4,男,46,5.04,0,0,否
18b5d7fce32247f69bac2a3df7e85059,2,36,69000,16614.9,1,城,省内,5,男,46,148.5,0,0,否
000b4606c07b48d4b2779c663870f7a7,1,36,35000,18317.1,1,城,省内,4,男,42,135.33,0,0,否
22298aff9ccc435fbe0dc6080c24fece,2,36,60000,23114.35,1,乡,省内,4,女,27,55.56,0,0,否
001ab6a0e6e8469ba5b9ffabd3f8a73f,1,36,37000,23355.96,1,城,省内,5,女,28,79.78,0,0,否
842943f7e4274f0a9375e9302e74aebb,3,60,70000,23673.92,1,乡,省内,4,男,49,35.4,0,0,否
32b5de6a97d54335b349a8c35c341d1d,5,24,30000,24113.26,1,乡,省外,5,男,29,0,0,0,否
e18b73283c144a40a2b90d5ab0549df7,3,36,42000,24429.76,1,乡,省外,4,男,37,0,0,0,否
46af4a90baee4bdbbb4b75c71ce1508e,2,60,50000,24575.57,1,乡,省内,3,女,49,8651.72,0,0,否
3a9a4cda0e394defaacc0023ceb92279,2,120,110000,25671.99,1,乡,省内,4,男,49,15.95,0,0,否
10e25038047242b284a341dad490f311,4,60,90000,25760.33,1,乡,省内,4,男,36,46.68,0,0,否
3a96a5de1c004d75ab3f829974bcc62f,3,60,45000,25953.86,1,乡,省内,4,女,31,0,0,0,否
fd7ea54db952444ca6fdf0bbd3960915,3,36,48000,26835.94,1,乡,省外,4,男,27,0,0,0,否
44ffa8e6bfe24fed92b954c7ed9633d1,2,72,60000,28442.07,1,乡,省外,4,男,34,628.54,0,0,否
4b52738a0888499ca84e3a8a66211335,2,60,50000,28849.21,1,乡,省内,5,男,34,0.03,0,0,否
0d5de2538123414aa8f364f993742bbc,2,36,53000,28892.72,1,乡,省内,4,女,33,277.27,0,0,否
06bc6557b9d8408caedebb63e1e81512,2,36,48000,29234.69,1,乡,省外,4,女,49,169.99,0,0,否
43149e95f8944dcab52ce8757db7cf5e,2,36,49000,29677.23,1,乡,省内,4,男,27,128.61,0,0,否
94ae2d1059b14ef4a8c89d543f33b5a3,3,36,46000,30520.87,1,乡,省内,4,男,47,0,0,0,否
5401884141494187af1488b3aa13ab5a,5,60,50000,30760.69,1,乡,省内,4,女,51,0,0,0,是
1f71cee55d3945e39a900af255648429,2,60,80000,31269.26,1,城,省外,5,男,39,413.54,0,0,否
002ada0aaf3b4df5ac5a284d59ae8d87,1,36,48000,31680.36,1,乡,省内,4,男,29,605.75,0,0,否
2cd1586fd76b4ea0aee6528aa8cea689,2,60,50000,31979.35,1,乡,省内,4,男,47,294.43,0,0,否
20ee0368864649e5865092da1d8f83f9,2,36,46000,32035.7,1,城,省内,5,男,46,19.4,0,0,否
2ca1b2b76f8048e8a5c2128839feb948,2,60,50000,32056.46,1,乡,省内,4,男,48,2.51,0,0,否
11760952839942fd8a4611a27ce001f7,2,120,50000,34689.44,1,乡,省内,4,男,31,369.92,0,0,否
00054c7380bd40faad587eeec5f9f435,1,60,60000,34773.65,1,乡,省内,4,女,52,258.76,0,0,否
1dd6deccc6d64e98a4fcb65698c26583,5,36,53000,35240.48,1,城,省内,5,女,26,8.61,0,0,否
173aa1f9ac3c4004a86a850812f5de36,2,84,65000,35902.09,1,乡,省内,5,女,60,50.72,0,0,否
72603f0f09974655b38c90d37fa99c43,4,60,50000,36145.15,1,乡,省内,5,女,61,547.25,0,0,否
002d510e3fd540aa81b7aab0c8007631,1,36,49000,36284.14,1,城,省内,5,男,33,1424.34,0,0,否
64e2ab23641d4aedb990cc33a829a306,5,60,50000,36885.79,1,乡,省内,4,男,54,0,0,0,否
a59507301d3742758538a64efb561a3c,3,36,60000,38194.86,1,城,省外,4,男,27,78.16,0,0,否
269206ec3fb1475f944cedd301a648ea,2,60,98000,38325.75,1,乡,省内,5,女,62,1.11,0,0,否
2e3969a4a4b846a48b3ec64a73dfc4d6,2,36,79000,38454.04,1,城,省内,4,男,30,59.66,0,0,否
5814c11a6bec415b9c96c97eaf316979,4,36,54000,38564.83,1,乡,省外,4,男,23,0,0,0,否
7760b38bf6a84d4aa8ff9f25e8537b3b,3,60,69000,38757.72,1,乡,省内,5,男,47,544.16,0,0,否
333622d78f55468f95a00785f743496f,2,120,50000,38917.05,1,乡,省内,4,女,48,0.02,0,0,否
4d2291b9243543d485285cc6eed8a588,4,120,50000,39132.96,1,乡,省内,5,男,47,0,0,0,否
035c85996e0a4e6ca4aa66c4a18cd298,4,60,80000,39645.6,1,乡,省内,4,男,43,0,0,0,否
852a30a21db44c6ea452a289c0b8a842,3,60,80000,39975.19,1,乡,省内,5,女,61,0,0,0,否
303a9bd9414e4141b59720dcfa0c0cfe,4,60,65000,41782.43,1,乡,省内,4,女,37,0,0,0,否
275474fa9dbb4f7abb042cc3f0b2e7d4,2,120,50000,41834.02,1,乡,省内,4,女,33,106.36,0,0,否
0b742800fb3d43b19b17b80f402644dc,3,36,65000,43127.3,1,乡,省外,4,男,27,0,0,0,否
16383de04f32457988fbbee7108b2564,3,120,60000,43472.21,1,乡,省内,5,男,36,61.17,0,0,否
000b2f77afbb41e69f06784ee921c4ca,1,60,70000,44771.1,1,乡,省内,4,男,56,3305.38,0,0,否
0272000889e04ae791d62f518f609189,3,120,60000,45391.78,1,乡,省内,3,男,36,0,0,0,否
26f12a59a7a0495f90fbe47849ff84c9,3,120,50000,45714.44,1,乡,省内,4,男,29,2.44,0,0,否
0d0ebd8f3ba84c68b66b0a62e268b0f7,5,120,50000,45767.22,1,城,省外,3,男,41,5.77,0,0,否
21f5214d7ac041df80b4dc8e2882a4f6,2,36,104000,45818.17,1,城,省外,5,男,29,0.07,0,0,否
04888a3937c0469fa911542ca16c2189,2,36,60000,46436.51,1,乡,省内,4,女,50,0,0,0,否
614db192e5db4cc3b2cd14cc4608bd2d,4,120,50000,47007.02,1,乡,省内,4,男,44,0.85,0,0,否
002085a6df934f66b03330cd1ba713c6,1,60,68000,47152.87,1,乡,省外,3,男,44,409.22,0,0,否
2384c7fa3ee642c4b1fd329eeb1f38f6,2,120,60000,47509.2,1,乡,省内,4,男,31,0.45,0,0,否
7037ef7838354fd0b968cdbfe1fe01bf,3,60,95000,48547.66,1,乡,省内,5,男,38,53.24,0,0,否
b5b18c0bd78545d7be5bbab56c8f8752,3,36,80000,48909.28,1,乡,省内,4,男,29,4.91,0,0,否
0b607e2b093f459d92f08aa625a6c4bb,5,120,60000,49105.06,1,乡,省内,4,男,30,9.38,0,0,否
98957e67941d45b28db9d99695577428,3,36,69000,49271.02,1,乡,省内,4,男,36,0,0,0,是
e6463275e00d4b6fb3acf2414d8f780d,3,36,94000,49459.61,1,乡,省外,4,男,30,95.39,0,0,否
9cff641f801141fbac6f9a703f9a828c,3,120,60000,49784.23,1,乡,省内,4,女,45,17.02,0,0,否
37b7a4484c8d4c5db51faaa164eb01e3,5,120,60000,50339.9,1,乡,省内,5,男,33,0.73,0,0,否
409f9b40bb134db6ab1997cd7735b9e2,2,60,80000,50521.54,1,乡,省内,4,女,36,3.86,0,0,否
41fe349e72c143abb8c4d95da84db997,5,120,60000,51637.16,1,乡,省内,4,男,30,0,0,0,否
627667efa750402e88a30eb4d5925375,4,120,70000,51854.49,1,乡,省内,4,男,46,0,0,0,否
01b2d2bd2a4749139b52179f21906d74,4,120,67000,52438.19,1,乡,省内,3,男,51,0,0,0,否
40174933a0484e6084e8665220ab2917,4,120,62000,53050.08,1,乡,省内,5,男,44,4.2,0,0,否
1c3858adc64b4ff788c53e4afe6f3d4e,5,120,60000,53439.89,1,乡,省内,5,男,30,0,0,0,否
4596256e7cac4297bd8f63d7e30c4ece,4,120,65000,53680.77,1,乡,省内,3,男,49,2.46,0,0,否
000404dec593450b94368544532bb579,1,60,100000,53828.85,1,乡,省内,4,男,53,1984,0,0,否
2b6046b7745a4e63a7961eb8a509a99d,4,120,60000,53971.43,1,乡,省内,4,女,24,6.06,0,0,否
6d2c4cc1d8d74f56bb581f3392ce531d,3,120,60000,54435.86,1,乡,省内,4,女,35,0,0,0,是
458415d9e0714f2589d8dc7e385c8d17,4,36,90000,54464.39,1,乡,省内,5,男,37,0,0,0,否
06a1ae1efd4e46cd923b9ab140b7407f,3,120,60000,54984.71,1,乡,省内,5,女,36,0,0,0,否
064f5ec488e64215b028ca3a4307065d,4,120,70000,55338.61,1,乡,省外,4,女,29,0,0,0,否
392dda9b261b47f282bfd7a56a43b9dd,5,36,63000,56694.71,1,乡,省外,4,男,30,0,0,0,否
1b563420d8b04dcaa6f98da0ff9242ba,5,120,60000,56732.32,1,乡,省内,3,男,51,0,0,0,否
16e677b25f894966a364f9f4fbfd3560,3,36,125000,57715.11,1,乡,省内,4,女,44,35.02,0,0,否
5952bc00c8c04ce2b1173199292f0b7b,4,120,70000,58580.05,1,乡,省内,5,男,41,0,0,0,否
177adf692099415b9e8e1cf0d3a37ae3,3,36,104000,58654.18,1,城,省内,4,男,34,0,0,0,否
002cb016823540f5a94e2788d8c4e420,1,120,60000,59288.48,1,乡,省内,4,男,29,91.55,0,0,否
38103a02d55b4cabb3a6926cbed7047d,2,84,100000,59502.19,1,乡,省内,5,女,59,1.98,0,0,否
f87297c8f9fd4fccb065b895e2aa60cb,3,120,70000,60721.1,1,乡,省内,4,男,35,30.24,0,0,否
5ad6d2d132b846d2a72f15334dcd28ef,3,36,83000,61460.89,1,城,省内,4,男,23,0,0,0,否
6b53eb28ae0240608b0cc1066010c625,3,78,96000,61856.52,1,乡,省内,5,男,33,0.7,0,0,是
314f50bdba90496a96d92c216f41e19a,4,60,70000,62932.66,1,乡,省内,4,男,45,0,0,0,否
30b432fdff254269b6e3278f16547f08,5,72,85000,63630.2,1,乡,省内,5,女,62,0,0,0,否
61dd3c2e9b9041dfb0a2718ad036a5eb,4,84,100000,65855.96,1,城,省内,4,男,62,0,0,0,否
52020aeb1dd54d8c9df181ac11306d8f,3,36,100000,65871.12,1,城,省内,5,男,48,59.11,0,0,否
516a94c8cc6541ef81bf0f7bd84f9699,3,36,104000,66204.43,1,乡,省外,4,女,26,46.44,0,0,否
fd007802cc564cd08b3c39ee7bff7b28,3,84,100000,66558.29,1,乡,省内,5,男,61,0,0,0,否
04b23ce8d4be4b44a6bd48e53f0ec205,5,120,75000,66612.45,1,乡,省内,5,男,51,1.55,0,0,否
538ecf7b49e84d199e84d46a2122058d,3,36,122000,67626.16,1,城,省外,4,女,26,0,0,0,否
44fdc5477e584712a1ac992bc6aa3b2d,2,120,90000,68330.13,1,乡,省内,4,男,34,370.72,0,0,否
1a97207a1cb24042b37b32829b35dff7,4,120,70000,69171.6,1,乡,省内,4,男,55,0,0,0,否
35c85a2fceb84c3ead030a963e7057f1,2,120,100000,69190.61,1,乡,省内,3,男,31,117.05,0,0,否
085e8f154b0146d49b2018f3884acb77,2,120,80000,69576.97,1,乡,省内,4,男,45,20.73,0,0,否
00058edbf1b64cfd9d21c55d9fa232e7,1,120,100000,69936.84,1,城,省内,5,男,27,132.52,0,0,否
3929b133f75540a798754df662c1f898,2,120,100000,70352.66,1,乡,省内,4,男,57,2141.23,0,0,否
44b765fa9cfe49f5955a28a067907a6d,2,120,100000,70454.58,1,乡,省内,3,男,31,323.62,0,0,否
728d570cbde84f6b92bc7c251a49f3b0,4,120,90000,70654.79,1,乡,省内,3,男,24,9.02,0,0,否
877580dd5671484f8cbb42c5870cdd95,3,120,100000,70844.62,1,乡,省内,4,男,38,0,0,0,否
0588f8ec3efa45f9a8d802d7a8032f7f,4,72,120000,71365.09,1,乡,省内,4,男,37,2.56,0,0,否
71570b5f23f24da0bc21abd09092faec,3,108,90000,71850.53,1,乡,省内,5,男,33,0,0,0,否
2f0f2ef7634f4b83ba1048899889f430,2,120,80000,72259.99,1,乡,省内,4,男,52,0,0,0,否
2ce25107ed9e49799a815194d3df539b,3,120,95000,74197.6,1,乡,省内,4,男,23,0,0,0,否
0172bf80c99c49ae9fc0f4d9f71a7cbc,2,180,80000,74476.49,1,乡,省内,5,男,43,61.65,0,0,否
2717e0b1da024442b7e92abbba94bb9a,2,120,100000,75092.68,1,乡,省内,3,女,25,2.73,0,0,否
6fecae1b701b4b9580fa5198ae964a45,3,60,100000,75149.43,1,乡,省内,5,男,26,0,0,0,否
ec7d46dafdad4bcb96eb4c7a1a134b91,3,120,100000,75526.02,1,乡,省内,4,男,54,366.55,0,0,否
0bb7015cff4a49aa92dc8d440481f9ab,2,108,104000,75797.53,1,乡,省内,4,男,43,0,0,0,否
dbae78f424e64702b8b4d84dc55965ca,3,120,100000,75999.23,1,乡,省内,4,男,33,84.18,0,0,否
50029e033c4a479397cbfbba92224b05,5,120,90000,76067.03,1,乡,省内,4,男,42,2.44,0,0,否
0ed99ddeba024085b1792b6f03af8a24,5,120,100000,76540.52,1,乡,省内,5,男,54,26.1,0,0,否
1980dd8ec9b842d0a8c46d0ae5f7d607,3,120,100000,76684,1,乡,省内,4,女,41,294.53,0,0,否
00006b34057d46bda631dee166686161,1,84,90000,77235.15,1,城,省内,3,男,59,121.13,0,0,否
00287c9646df4b9b945a10bbc15c928b,1,60,80000,77627.54,1,乡,省内,4,男,34,6980.01,0,0,否
002cd9d6e5b4404d8b6564987da40078,1,120,100000,77885.23,1,乡,省内,4,男,35,540.78,0,0,否
62a24398f4d14d8c9adf0c34bb889d1f,3,120,100000,78297.56,1,城,省内,4,男,49,70.15,0,0,否
2eb3d0f129b246308127236a1500fb48,2,120,100000,78761.61,1,乡,省内,3,男,50,134.38,0,0,否
6c1f455427114c9d974de0d02d3eedd2,3,120,100000,78905,1,城,省内,4,女,36,0,0,0,否
2162801cd66c48cca13ab1e152079e7b,4,120,100000,80045.11,1,乡,省内,3,男,54,0,0,0,否
4bf8c877b697495d9b1154b148a19a87,2,120,120000,80220.15,1,乡,省内,4,男,36,0.13,0,0,否
00065cc7c97b43c9a8018c455650bb16,1,120,120000,81223.15,1,乡,省内,2,女,45,4915.77,0,0,否
5043e6bf31134cb4b03e5c6e00d43bdb,2,120,96000,81245.29,1,乡,省内,4,男,41,5.82,0,0,否
a00051ac68b0460b87bd62656caad35c,3,120,100000,81584.73,1,乡,省内,3,男,46,0,0,0,否
55a6dddb9461497e826891f22d3e79f5,2,120,110000,82898.68,1,乡,省内,4,女,52,77.59,0,0,否
0a19ec1ef7734563ad9e0a673821a271,4,120,100000,83317.49,1,乡,省内,4,女,52,0.77,0,0,否
1d610506ff56455db738921f45c06c29,2,120,100000,84284.76,1,乡,省内,5,女,47,12.51,0,0,否
4d41f8fa8010443cb7c0874536514207,2,94,150000,84508.65,1,乡,省内,2,男,61,268.88,0,0,否
000bc457ad1f4ccab62baef10735ec10,1,120,100000,84540.82,1,乡,省内,3,女,46,726.16,0,0,是
2689ba62b2b846d9961d98821b7de9b1,2,108,100000,85662.77,1,乡,省内,4,男,38,18.29,0,0,否
592aa1af69bd4ef1835a890e6b447d76,2,120,120000,85750.69,1,城,省内,5,男,47,387.29,0,0,否
33894b8c31374093ac086c35b447eba8,2,120,100000,86693.14,1,乡,省内,3,男,30,1355.57,0,0,否
229a19c43d09401f85704cd44da6f0f8,4,84,100000,87731.47,1,乡,省内,5,男,59,0,0,0,否
59a44a37564a4631aa86ebfc926bbe74,5,120,105000,88080.6,1,乡,省内,4,男,47,0,0,0,否
52713f9f86784c8b9291d15f3acdadbd,2,120,120000,88234.74,1,乡,省内,4,女,40,3.16,0,0,否
1b89fae000884a18833f6e57f0e1b139,3,120,110000,88744.15,1,乡,省内,5,男,39,0,0,0,否
01fe2e34cb6846b89e9b95cba661de7c,3,120,100000,89349.72,1,乡,省内,5,女,39,207.13,0,0,否
b6c48f2aa69b41f1822b421e279b3c8d,3,120,120000,89673.76,1,乡,省内,5,男,31,0.88,0,0,否
000a438726224f0d8ef92dd20a7aea65,1,120,120000,90372.67,1,乡,省内,3,男,55,30257.75,0,0,否
0b8be906702f4cb498bff2175700e178,2,120,100000,90908.49,1,乡,省内,4,男,30,59.6,0,0,否
45f210f64c254951a9fcec7729562405,3,96,150000,91630.42,1,乡,省外,5,男,33,0,0,0,否
0014e19c38894ec190fed558afb45423,1,120,100000,92053.83,1,乡,省内,3,女,46,211.53,0,0,否
1eb2f7be55ca438ba3487b7d3f31502b,3,120,100000,93273.82,1,乡,省内,5,男,27,15,0,0,否
1abd2c4e18044f87a057ea036ef93ced,5,35,100000,93517.54,1,乡,省内,4,女,49,0,0,0,是
42e6c0c8438b4bbbada49f6da2e56e5d,2,120,130000,93634.62,1,乡,省内,3,女,28,25.15,0,0,否
2b1ff4844fcc4c10b8d0ad48e1868c84,2,120,110000,93990.36,1,乡,省内,4,男,49,0,0,0,否
1e31b1c6cec54c199790cf70f2f6fe85,5,120,120000,94168.36,1,乡,省内,2,男,51,44.27,0,0,否
1b336a8dba05495da851f8cc9e616bbe,2,120,115000,94683.33,1,乡,省内,3,女,28,59.08,0,0,否
2ed54b4a9c2748b4bb00ef63911aa292,3,120,120000,95568.38,1,乡,省内,4,男,34,112.54,0,0,否
22d28a7d11b74c7bafbb151e9bb43091,2,120,100000,95800.44,1,乡,省内,3,男,41,33.79,0,0,否
2c122ce27e364f958a1fcbfcfd0e1b9b,5,120,120000,95908.55,1,乡,省内,3,女,29,344.52,0,0,否
2bbda57d357d4e1d86f19de9ca148c16,2,120,125000,96532.84,1,乡,省内,3,女,33,30.25,0,0,否
39c8d752466441fc8f856c7b4d2e8ec2,4,96,200000,97297.27,1,乡,省内,4,女,59,1.11,0,0,否
465f06b6541548c9bd5420317a8dcb7c,2,120,100000,98243.35,1,乡,省内,4,男,44,76.72,0,0,否
3318edce771e418dba78dbe1ccbe7ca8,4,96,130000,98346.22,1,城,省内,5,女,59,0,0,0,否
0018f58fc2604eaca0f856db77ce5781,1,120,105000,98568.4,1,乡,省内,4,女,46,6863.24,0,0,否
00299b435a294e6ea887cc72871b4805,1,120,100000,99359.32,1,乡,省内,3,女,32,400.47,0,0,否
6bdda9eede2749c1bdcda1044ffdd208,4,120,100000,99439.9,1,乡,省内,5,男,52,0,0,0,否
04a0fefa971e4a09a33c90432ca1aa63,2,96,120000,100006.14,1,乡,省外,5,男,57,2910.66,0,0,否
433c9568bb2349a1994b96bd71adfa7c,2,120,130000,100299.3,1,乡,省内,5,男,41,32.31,0,0,否
2adc62efea0c4bd1bb6c4dddb93abff5,2,120,130000,100376.75,1,乡,省内,5,男,50,211.05,0,0,否
4ab61c13366b470d877c205f0016ef74,2,120,120000,100678.36,1,乡,省内,4,男,28,173.92,0,0,否
3eb87955aa544257a7c2c3d3d062cc96,2,84,128000,101577.44,1,乡,省内,3,男,59,0,0,0,否
3eb87955aa544257a7c2c3d3d062cc96,2,84,128000,101577.44,1,乡,省内,3,男,59,0,0,0,否
789deab4f6764d519ecf17a7e6671293,5,120,120000,103217.68,1,乡,省内,4,男,40,0,0,0,是
0008ce966c56419ea78ea1c0e984f76e,1,120,130000,103683.2,1,乡,省内,3,男,31,501.48,0,0,否
56c7faba2926477084ad20b9f0628366,2,120,150000,103738.09,1,乡,省内,5,男,31,177.37,0,0,否
49617c3b128b4031a1e227e4ba729d92,2,83,130000,103935.81,1,乡,省内,4,男,60,540.31,0,0,否
41e83a1e24a9460680733137ef792428,2,120,120000,103951.53,1,乡,省内,3,女,51,2630.38,0,0,否
56766e759cf74f0d9a29d29d30b292a3,2,108,140000,104088.81,1,乡,省内,5,女,40,1.64,0,0,否
37726742bab84e93a1bd619db2a50f09,2,120,120000,104368.38,1,乡,省内,4,男,32,50.76,0,0,否
000b93348caa4b7295ab9a2892f64dc1,1,120,110000,104953.24,1,乡,省内,3,男,30,21048.12,0,0,否
00e62d43982b4af48a9e06a58a9504f8,2,120,130000,105915.06,1,乡,省内,4,男,35,17.05,0,0,否
4699051347c547359fa8afaa281a177d,4,120,120000,105951.56,1,乡,省内,5,女,47,17.01,0,0,否
715efa223aba48ce8304294b7d750513,5,120,120000,106876.31,1,乡,省内,4,男,55,1.3,0,0,是
242c96ca94e543f5a825769b08161511,2,120,120000,107866.73,1,乡,省内,2,男,28,350.29,0,0,否
2aff826a42c840dda21925d43840c201,2,120,140000,108383.61,1,乡,省内,4,男,38,6.32,0,0,否
36fefd68cbd64fcb83b710ddf92f8663,3,120,135000,108499.95,1,乡,省内,4,男,44,39.96,0,0,否
110e8e652fca4445ab71ef2737e241a4,4,120,140000,109795.44,1,乡,省内,4,男,53,0,0,0,否
4114208314194643af74f335838a4f2e,5,120,120000,112140.6,1,乡,省内,4,男,48,185.67,0,0,否
2d58a956ad764cb1bcbbcfcc81703a2d,2,120,150000,112574,1,乡,省内,3,女,25,116.34,0,0,否
2d58a956ad764cb1bcbbcfcc81703a2d,2,120,150000,112574,1,乡,省内,3,女,25,116.34,0,0,否
2d58a956ad764cb1bcbbcfcc81703a2d,2,120,150000,112574,1,乡,省内,3,女,25,116.34,0,0,否
4922ceaf5f314b18a6365f3acd155d45,2,60,120000,112985.96,1,乡,省外,3,女,60,0,0,0,否
1e6c0e1825d3431198c09897838d2ec5,2,120,140000,113053.32,1,乡,省内,3,男,25,0,0,0,否
1fcef36323144e4cb23d01a2742ecc83,2,120,150000,113666.96,1,乡,省内,5,男,36,10.38,0,0,否
0c6cd0ff0371450da4af5ed94822df22,2,120,150000,113880.2,1,乡,省内,4,男,36,18.75,0,0,否
0035826c2a9640b3a70d3518115d2700,3,120,130000,114059.36,1,乡,省内,5,女,51,0.02,0,0,否
5761983778a34be0af517e28cb1bb150,2,72,200000,114678.48,1,城,省内,5,男,61,0.79,0,0,否
17bc00fe750a41d4b94a3a078a016b6e,2,132,130000,114737.53,1,乡,省内,3,女,54,5737.22,0,0,否
42d4720142e943ebade689ee8f475490,2,108,140000,114792.34,1,乡,省内,4,男,47,43.85,0,0,否
059d587f7cea4ba7a3d08b88b923ca9f,2,120,150000,115677.35,1,乡,省内,4,男,29,176.21,0,0,否
1d3b8228763344aa8d2509605c105242,2,180,138000,116200.66,1,乡,省内,3,男,46,260.06,0,0,否
495a1e1b358c4296b804c76870e88770,2,120,150000,116911.58,1,乡,省内,4,男,52,9.48,0,0,否
1212ba37d53949439863e2a3e4644741,2,96,170000,116952.35,1,城,省内,5,女,54,0,0,0,否
33a22a8ce1bb43c284084de6ad7c0130,5,60,150000,116996.89,1,乡,省内,5,男,31,135.69,0,0,否
002a39008ec44b54a826ae27d162e0f1,1,120,130000,117052.97,1,乡,省内,4,男,52,1671.17,0,0,否
3457f59d240245858c25edc4eb19d76f,2,120,130000,117135.58,1,乡,省内,5,男,41,0,0,0,否
3fb999dff1344134b59122d761173e7f,5,72,150000,117266.6,1,乡,省内,4,女,62,5.02,0,0,否
061095b9888e4a1eacff2a60bc8cb799,2,120,130000,117409.24,1,乡,省内,4,男,52,3.63,0,0,否
00178c99aeab4fc797b3ff999cd9d13a,1,120,120000,117892.02,1,乡,省内,3,男,29,1997.53,0,0,否
066cb9e71a574d91a4d040b69f78c770,5,120,150000,118192.2,1,乡,省内,5,男,22,0,0,0,否
f8d57da10f2d48ab9877e65cfece5407,3,240,130000,118526.11,1,城,省内,4,男,45,0,0,0,否
4f65d2271ad749b29419f0fda0854e11,2,180,130000,118563.47,1,乡,省内,3,女,39,20.75,0,0,否
7cd7868b6ef1439a839cad2ba3c6d828,5,180,129000,119009.07,1,乡,省内,3,男,39,0,0,0,否
00256791166f4252b44026063b000127,1,120,150000,119056.97,1,乡,省内,3,男,55,19531.76,0,0,否
303021fd3a4a4752b647e86faed485b7,2,240,135000,119436.65,1,乡,省外,3,女,31,174.71,0,0,否
0009e76cbbb44e6691f21a1f3ce5957b,1,120,120000,120000,1,乡,省内,3,男,25,0.88,0,0,否
002c8f1884674ef8b336f0a2e9196d79,1,120,130000,120550.24,1,城,省内,2,女,38,71236.72,0,0,否
32e7edfae6b949829bdd7ff151cc9e3d,2,180,148000,120569.3,1,乡,省内,3,女,40,23103.22,0,10000,否
25d708643f5440aea961a0e35727a6b1,2,120,150000,121115.71,1,乡,省外,4,男,30,0.17,0,0,否
1a128a984ba648b09315c243784c8a06,2,120,160000,121222.51,1,乡,省外,3,男,38,19.85,0,0,否
31568f45130f4b3fa01edc14f5722a19,5,120,130000,121296.71,1,乡,省内,3,男,43,0.63,0,0,否
18cc717c0e9c4f61a82834359f6fcce5,2,120,150000,121635.92,1,乡,省内,4,男,50,14305.09,0,0,否
1f98d7676e3b418cb4c14a2248a4d0b4,2,120,160000,121655.75,1,乡,省内,5,男,50,252.69,0,0,否
4f2e1cfa7f8542a2a0ef4e6ca25017fb,5,120,136000,122204.62,1,乡,省内,3,女,51,0.21,0,0,否
0d67ae76566f43198a5d09e0645fbd30,5,120,170000,122272.91,1,乡,省内,5,男,52,0,0,0,否
2582a06a8f1c480b8824f75aec1353e5,2,120,140000,122351.55,1,乡,省内,4,男,24,0.15,0,0,否
14db850ff1124a0fba3ae4cc6c1a2234,5,120,150000,122716.5,1,乡,省内,5,男,32,68.55,0,0,否
20ea3aa47eae441c9469e92f5fb04950,2,240,135000,122916.41,1,乡,省内,3,男,31,5.37,0,0,否
5b0b24fa0bb54e3385d787321bdffe1a,2,36,160000,123137.8,1,乡,省外,4,男,39,6.56,0,0,否
2559350074664260b333a3c19ba47d83,3,120,140000,123775.01,1,乡,省内,4,男,28,0,0,0,否
24148de8ee564528aa446ee633fdd156,2,120,170000,124050.79,1,乡,省内,4,男,51,791.79,0,0,否
421e1989211849a5b8b709f8ed83a758,3,120,150000,124373.38,1,乡,省内,3,男,36,0,0,0,是
2405d5ce78d94beaba1bc44ca603abf1,4,120,160000,124655.54,1,乡,省外,3,男,44,36.02,0,0,否
ffe6a0b238474316816bcf7dc071fb51,3,120,140000,125452.44,1,乡,省内,3,男,54,0,0,0,否
4516640186d041e696da27ab8cfe04da,3,240,130000,126407.88,1,城,省内,3,男,35,0,0,0,否
38be2fe5de4a4905b602423afb22f8fd,2,120,167000,126786.64,1,乡,省内,5,男,29,187.39,0,0,否
1549ce803bdf49459d0e4094d62e0303,4,36,154000,127062.85,1,城,省内,4,男,47,14.88,0,0,否
675632623f664e74986cf1171bc63914,5,120,140000,128189.07,1,乡,省内,4,男,38,0,0,0,否
40ae52705116430f80318e4380dda6fd,2,120,180000,128551.18,1,乡,省外,3,女,55,1815.67,0,0,否
1bee74702a7941f5976139ef548ba0cc,2,120,150000,128601.3,1,乡,省外,4,男,24,11.33,0,0,否
5928c798ad984318b6097dcf64a4262c,2,120,156000,128700,1,乡,省内,4,男,32,13.32,0,0,是
7944cae1554b4a5aa22c059ec655d12e,5,120,150000,129022.1,1,乡,省内,4,女,39,56.01,0,0,否
479de15e36d0432682484957ff6c5a49,2,120,150000,129378.83,1,乡,省内,5,男,39,3.87,0,0,否
001aec131df24a6d8611a91afdb7d480,1,120,150000,129451.71,1,乡,省内,4,男,54,117.85,0,0,是
3f508775532c47e9840c41ae223912ca,3,120,150000,129646.71,1,乡,省内,4,男,41,723.69,0,0,否
001c24983df844b498460993cd41202a,1,180,150000,129940.28,1,乡,省内,2,男,37,126.68,0,0,否
b3b5f9de8abf4858bb4f16c4d49e0e6c,3,120,160000,130136.47,1,乡,省内,4,女,35,0.6,0,0,否
002444b468024084ab2d1d200fc4cd5d,1,115,150000,130181.24,1,乡,省内,4,男,57,459.49,0,0,否
7b703b3120314cb3af5a837bf3ce5aef,5,120,150000,130364.88,1,乡,省内,4,男,49,284.68,0,0,否
423a27480976460ba4644f8153b01fd4,3,120,140000,130767.46,1,乡,省内,3,男,49,47,0,0,否
1d84184d325c4ebdb387ba84fc17fdeb,4,120,150000,130871.83,1,乡,省外,4,女,44,5.92,0,0,否
bc0afe81f01f4d5e965bc6bfe4f8b64e,3,120,170000,131176.54,1,乡,省内,3,男,37,3.35,0,0,否
236d3db12e5d41039c6d92ce8c2c907d,5,84,180000,131412.43,1,乡,省内,5,男,58,0,0,0,否
00116fb836504a7e95fff7ec32942baa,1,120,160000,132092.1,1,乡,省内,4,男,38,653.81,0,0,否
36dba2cfbbb04bedb424591e511bb344,5,120,140000,132414.33,1,乡,省内,5,男,26,0.09,0,0,否
54eb219533a04b4b8fee5d9a7a96af4a,2,120,150000,132451.11,1,乡,省内,4,男,54,3.65,0,0,否
7efb805bf73c43fba4c7cba0f4b4b28b,3,120,150000,132672.69,1,乡,省内,5,女,35,32.26,0,0,否
18806b52b8c04c058337e9c93b5a3a04,2,240,150000,132913.37,1,乡,省外,4,男,33,99.08,0,0,否
162877d8debe4cc88482e79836244906,2,120,190000,132957.67,1,乡,省内,3,男,39,8.62,0,0,否
be3e99a456ff40b0ab56cef24facd7c5,3,120,180000,133436.18,1,乡,省内,4,男,44,426.53,0,0,否
02ca5bdcf5c748658e2557a30956f8c0,2,120,170000,133800.67,1,乡,省内,4,男,52,878.71,0,0,否
D837C67F261D4F4DE0430911001509F0,3,95,200000,134185.84,1,乡,省内,4,男,60,23303.5,0,0,否
6538a22b019345dd99470112275488c9,4,180,154000,134842.18,1,乡,省外,3,女,35,10.57,0,0,否
8e7beef1215842c7886fec502002a7fe,3,120,170000,135311.56,1,乡,省内,4,女,53,22.49,0,0,否
59308add13414ffc88aca0cc2a56e92d,2,120,140000,135877.63,1,乡,省内,5,男,46,0,0,0,否
0cad2f864f9b4c38955d2d75369261a7,2,300,150000,138093.79,1,乡,省内,4,男,30,26.72,0,0,否
5d886396e8994740b38fc52385230b4e,5,240,140000,138302.07,1,乡,省内,3,女,45,0,0,0,否
2ec78f94a7ec46748455c139a9b69184,3,36,150000,138531.23,1,城,省内,4,男,37,0,0,0,否
5b891777c09240118378c394bb72321c,2,120,160000,138709.04,1,乡,省内,3,男,27,674.04,0,0,否
379448cdb8d24fc2bc8438e7bf95b6d4,3,120,170000,138760.16,1,乡,省内,4,女,38,160.17,0,0,否
095456dc1b394d2cb0f719c0226024e0,3,120,179700,139187.8,1,城,省内,5,男,35,0,0,0,否
25fcaaf0ea9a4c3d9712c9ee458a1df5,2,120,170000,139283.5,1,乡,省内,4,男,54,68.78,0,0,否
364eef61390d4315851d63e545888aa0,2,119,170000,139844.7,1,乡,省内,5,女,57,10501.15,0,0,否
0afff091654741068336573369d1a229,2,96,174000,140307.43,1,乡,省内,5,男,58,1.18,0,0,否
f3e013080b39410ca0b98090316cb5eb,3,120,180000,140354.17,1,乡,省内,3,女,48,466.55,0,0,否
b16b3a35e5404dbca7560d6e612a39c7,3,180,146000,140389.67,1,乡,省内,3,男,42,0,0,0,否
002214bd54324f1f95d4589e20dbd01e,1,120,150000,140812.01,1,乡,省内,5,男,47,208.68,0,0,否
6402526413d74b548e1104e37c2f5f0c,5,120,170000,140855.88,1,乡,省内,3,男,36,0,0,0,否
06ea6be7228945a2a30156d807aa79d8,5,120,150000,141477.71,1,乡,省内,4,男,41,0,0,0,否
K1120800033288,3,120,180000,141535.96,1,城,省内,5,男,44,0,0,0,否
1a6a4d40ea234474b908b9079d88a8d8,5,240,147000,141707.26,1,乡,省内,3,女,29,0,0,0,否
0024a6f037fb442288cc455273c3d608,1,180,150000,141863.78,1,乡,省内,3,男,37,1125.73,0,0,否
2b5dc9b8d9f74504b333fcba8e18615a,5,120,167000,142117.93,1,乡,省内,5,女,44,0,0,0,否
85776b167fae455cb5d8ca41ed13e97a,3,120,150000,143051.97,1,乡,省内,5,男,28,0.49,0,0,否
39341a5f86134d4bba15edf018761e87,2,120,160000,143084.59,1,城,省内,4,女,38,76.55,0,0,否
27873f7c8e344abbadb8aa2c18c57bb0,2,240,160000,143204.02,1,乡,省外,3,男,35,2550.74,0,0,否
5a6db14e98834dd994a9f4d8946e00f1,5,66,160000,143595.38,1,乡,省内,4,男,46,0,0,0,否
3586d54aad914b4a97ba30f6a9dd4a3d,2,120,178000,143723.98,1,乡,省内,4,男,37,1.77,0,0,否
1c0522b24d5a44bcb4ccb9fbaadbe6b6,2,84,200000,143841.49,1,乡,省内,5,女,59,22.51,0,0,否
c5863d29f26a44d9a240d0720c639c12,3,120,168000,144795.77,1,乡,省内,4,男,38,0,0,0,否
50d38415422f4d068098a0b8877820f5,5,120,170000,144983.59,1,乡,省内,4,男,38,0,0,0,否
00119e6fe6054c2692c8c3fa13ba391a,1,120,160000,145106.05,1,乡,省内,3,男,25,210.29,0,0,否
695a876abbf344bf8a8fb330935d8a5e,4,120,180000,145755.03,1,乡,省内,4,男,36,78.59,0,0,否
1e1b7905a8f74522977488e34ce43564,2,180,160000,145924.3,1,乡,省内,3,男,27,0.5,0,0,否
6d2abe6e40554d98b9d94e9e222e209e,4,240,150000,146200.63,1,乡,省外,5,男,36,0,0,0,否
K1120900054897,3,240,190000,147551.18,1,乡,省内,2,男,49,25.33,0,0,否
576e30118fc8454eb2ba5a58f6fb47fe,2,180,170000,148009.1,1,乡,省外,4,男,26,12.62,0,0,否
0f4e4cfd94fe46fdb851dc586957207f,4,240,150000,148139.03,1,乡,省外,3,女,31,0,0,0,否
4fec7ee4800f4a9e8749034b2d997ab4,5,180,160000,148161.42,1,乡,省内,3,女,29,3.39,0,0,否
4f9926055b3d48ce80dcf07edb6c43a4,4,36,198000,148366.9,1,乡,省内,4,男,51,8.98,0,0,否
b634b32ad801444ba0e67a73ac8ac63e,3,120,160000,148369.53,1,乡,省内,3,女,44,0,0,0,否
9cbad351d5d340728e33c3eb994ac5a7,3,120,160000,148369.53,1,城,省内,4,男,24,0,0,0,否
3271c544737e45ef9b058c5cf34c45e5,2,180,180000,148721.62,1,乡,省内,3,女,47,403.22,0,0,否
12691eebe10948e0a44cb24d90fcbc63,2,120,198000,148857.49,1,乡,省内,5,女,33,17.4,0,0,否
dc182f6b89254d528e417ad6014e6ade,3,120,160000,149448.52,1,乡,省内,3,男,35,0.48,0,0,否
b3403a92c6ab4c76b771c2be8225c58f,3,120,190000,149540.68,1,乡,省内,4,男,42,631.63,0,0,否
0433b8743a4147b2a7aa71efa9529587,3,120,200000,149661.73,1,乡,省内,5,女,30,0.34,0,0,否
06387985b7da4ad883ca2f3ffcffcdca,2,180,180000,150210.54,1,乡,省内,3,男,28,841.73,0,0,否
f7d19c3b8c3f4f6fa3ad3103f57e58d6,3,240,155000,150318.14,1,乡,省内,4,男,44,0,0,0,否
d4509d2ef1de473eaedadac4bcdf14c3,3,120,170000,150362.03,1,乡,省内,3,男,36,2459.82,0,0,否
d4509d2ef1de473eaedadac4bcdf14c3,3,120,170000,150362.03,1,乡,省内,3,男,36,2459.82,0,0,否
451b34ffcda1487aafa7fd7ab57744ed,2,120,200000,150621.09,1,乡,省内,4,男,29,0.01,0,0,否
dc9b6ed5857b40128490e0af9979f38a,3,120,190000,151017.33,1,乡,省内,5,男,31,0,0,0,否
2d64f8503ef849e784538dff765059b5,2,95,190000,151412.16,1,乡,省内,4,男,33,8151.64,0,0,否
000b6cd207014a06811406183c317409,1,120,170000,151839.87,1,乡,省内,3,男,30,254.99,0,0,否
33d3de4e2c06449fa0068f1d0b042e63,5,83,200000,152116.68,1,乡,省内,5,男,61,0,0,0,否
2cca6faa236a4fe9ae4d6c12dbbee079,2,36,253000,152976.28,1,乡,省内,4,男,38,563.1,0,0,否
715128cdd67c49cdb07f71c6d0022544,5,120,160000,153225.25,1,乡,省内,3,男,30,9.78,0,0,否
572ef85337e04e23860a5f52cc23a6a5,3,180,170000,154143.85,1,乡,省内,3,男,31,60.22,0,0,否
6df8658834f5457ca7ec3335560e83e9,3,180,160000,154477.86,1,乡,省内,3,男,30,0,0,0,否
4827f99653e742cbb6d0c2e3f9137e28,2,120,170000,154730.25,1,乡,省内,5,女,34,0,0,0,否
54c98010cd9b41eba0510bb3bb41185c,2,180,180000,155297.08,1,乡,省内,4,男,27,44.2,0,0,否
560f5e25158f4e66b4d910c2f7f029c5,5,120,190000,155474.58,1,乡,省内,4,男,49,254.57,0,0,否
adfb9da809254c1c8e79a1a5d6b05d8b,3,180,180000,155983.37,1,乡,省内,4,男,26,0,0,0,否
a9928be44bbc471eb80d5bc7565ced11,3,180,180000,156329.75,1,乡,省内,3,女,40,0,0,0,否
46f5f8238d14484e9ecf5290fad5ae68,2,120,180000,156498.28,1,乡,省内,4,男,53,658.94,0,0,否
eaa01cb011234d7eb1f1981150262cd7,3,120,200000,156626.74,1,乡,省内,4,男,35,3.72,0,0,是
eaa01cb011234d7eb1f1981150262cd7,3,120,200000,156626.74,1,乡,省内,4,男,35,3.72,0,0,是
c889588595db42f9a94e9879e64bd48c,3,120,180000,156670.1,1,乡,省内,5,男,37,297.95,0,0,是
03af28bfbdad4b92acc653ddba0358f8,2,180,160000,156957.16,1,乡,省内,4,男,28,62.73,0,0,否
9920ed9a60af4916baa82682173e7ce6,3,180,170000,157357.52,1,城,省外,4,女,41,4.83,0,0,否
4a1894d6c2ee43998d72c1a517533853,2,180,160000,157537.6,1,乡,省内,3,男,35,111.52,0,0,否
0021bb94425c4d7f8f9d63a741d13364,1,180,170000,157577.2,1,城,省内,3,男,24,1592.14,0,0,是
43c1d7c4cc6b4f348d260b66fb9a4dec,2,120,200000,157711.89,1,乡,省内,5,男,41,0,0,0,否
00094b1ced704930b38717be0a659b8e,1,108,225000,158188.99,1,乡,省内,5,女,43,54.29,0,0,否
36a4596589204da789e23275aa5a1cb3,2,240,160000,158415.21,1,乡,省外,4,男,26,0,0,0,否
0a190908d3674b1e954a12121f47a22d,5,120,160000,159086.23,1,乡,省内,5,男,44,300.79,0,0,否
0a190908d3674b1e954a12121f47a22d,5,120,160000,159086.23,1,乡,省内,5,男,44,300.79,0,0,否
5c6a7efaa7d14208842e02c20f56dbe6,2,240,180000,159634.72,1,乡,省内,5,男,41,10.25,0,0,否
09b9c8a04bd5477a878fdc549964839e,5,120,180000,159949.06,1,乡,省内,5,男,36,0,0,0,是
322cf597a5324bca85ed15e94016614f,2,180,165000,160588.9,1,乡,省内,3,男,44,23.7,0,0,否
001bc2016f7644bcafb3e636754cd602,1,240,170000,161434.71,1,乡,省内,3,男,29,73.13,0,0,否
4642fee052c6430eac8fed43c1475f8f,3,240,170000,162150.81,1,乡,省内,4,男,38,9020.21,0,0,否
55815f98428846f291530f33dce8ac99,3,240,175000,162443.61,1,乡,省内,4,女,23,0,0,0,否
000de63ab19849568a55e20d4d256da2,1,240,180000,163814.09,1,城,省内,5,男,45,146.73,0,0,否
089e142ae84a4850bed52dc9911851cc,3,180,170000,164132.74,1,乡,省内,3,男,29,0,0,0,否
0fb6b2fdd4f341169acc57d0a1acb5bd,2,120,190000,164618.56,1,乡,省内,3,女,51,0,0,0,否
df0d7f50c5604a13833dd0817fd2bf43,3,120,179000,164776.38,1,乡,省内,3,男,47,2795.45,0,0,否
c1576b9597a14a4c8de21fa683b9517a,3,360,168000,164837.43,1,乡,省外,4,女,25,0,0,0,否
161368cbf59c42a2a37656b20100d5ed,2,120,220000,164870.1,1,乡,省内,4,男,54,193.09,0,0,否
000e8ea2e339451fbdf800fad659c99e,1,240,165000,165000,1,乡,省内,4,男,28,5323.07,0,0,否
22b8895eacf14f7594243b20158d11a7,2,108,200000,165485.05,1,乡,省外,4,男,29,149.37,0,0,否
21b035c54bf44ccbb218ab50b6eff1dc,2,120,200000,166237.04,1,乡,省内,4,女,53,0.33,0,0,否
0f82b4552aad4a16b368c4ea2b559151,5,96,200000,166413.54,1,乡,省内,3,男,59,0,0,0,否
2a84f2b8cd9341168ce5f5a633215da5,2,36,470000,166646.23,1,乡,省内,3,男,31,0,0,0,否
148fcdedc7a540e49cb55a5baa7aca7c,2,180,180000,167180.29,1,乡,省外,4,男,27,0,0,0,否
0006254415a248b687ee32554b1d9ad2,1,240,170000,167771.12,1,乡,省内,3,女,39,437.17,0,0,否
3c7626e95d344f7098a81018b5d5bdf8,3,60,350000,168171.81,1,乡,省内,5,男,31,67810.86,0,0,否
23b9d95933a04193a87a32ab2eba252d,2,120,230000,168228.93,1,乡,省内,3,男,57,4.26,0,0,否
0015d53517864f108479496b523f60ef,1,120,200000,168367.57,1,乡,省内,4,男,27,103.49,0,0,否
4f59eebc32aa419aadcbc060b443e6a5,3,120,200000,168379.11,1,乡,省内,4,男,37,2.82,0,0,否
158272eb71c24b58adb21824d3824dea,3,240,180000,168591.76,1,乡,省内,4,男,33,0.89,0,0,否
00198fd8ad5242cf8de81194587d7e5b,1,120,230000,168975.44,1,乡,省外,4,女,33,439.54,0,0,否
59430514fdd74ee2876ceaf6e335a957,2,120,200000,169526.76,1,乡,省内,4,男,31,10.51,0,0,否
3942d8ae5e0a4bc78e2901f790f78fac,2,120,220000,169868.35,1,乡,省内,5,女,51,575.68,0,0,否
0f1a19ba73924fc2927b09f61c570392,3,180,190000,170076.28,1,乡,省内,3,男,28,0,0,0,否
6c9f72232d45496ab359eab94ce95c2f,3,120,202000,170113.02,1,乡,省外,3,男,29,0,0,0,否
547bf03d52cf4422b5735ebeb66181f8,4,240,190000,170255.79,1,城,省内,3,男,39,0,0,0,否
19becd74e9564b9788534fdfa296e550,2,180,180000,170952.54,1,乡,省外,3,女,41,0,0,0,否
0004ce24722c4db0afa32127cce51992,1,120,228000,171411.64,1,乡,省内,5,男,30,4009.55,0,0,否
019fe345f7434b51b1bdd998303943c5,2,120,220000,171445.64,1,乡,省内,3,男,32,1367.54,0,0,否
3bdd209609b14821a82cb23580bacf1e,3,120,230000,171921,1,乡,省内,5,男,43,57.63,0,0,否
685e8458ec24463fa7176f322186e01a,4,36,172000,172000,1,乡,省外,5,男,36,0,0,0,否
2e8b4657a29d49d19b346bde433b6214,4,120,200000,172253.83,1,乡,省内,4,女,49,0,0,0,否
04270eec39ee4529924ecaad20f615ea,3,180,180000,173787.59,1,乡,省内,3,女,28,4.56,0,0,否
346fee68abaf4814ac8faf562ab5bb04,4,240,180000,174779.35,1,乡,省内,3,女,24,0,0,0,否
4b39c173a8b54240bef3835734f101a8,2,240,188000,174806.74,1,乡,省内,4,男,32,37.12,0,0,否
0028cf2d327f412abd2531f59525f00a,1,240,180000,175128.35,1,乡,省内,3,女,34,615.26,0,0,是
51609b81166d49e2bcbcf11402f4dd88,2,240,180000,175236.32,1,乡,省内,4,男,42,11.78,0,0,否
5cb5bc8cea8546219cd4756a2c01cbb1,3,180,190000,175441.55,1,乡,省外,3,男,41,0,0,0,否
162473c4dc844c11a9492cb0b214340b,2,240,200000,175583.31,1,乡,省内,4,男,28,341.4,0,0,否
0013971752924cb982c997f3adb33486,1,180,200000,175597.97,1,城,省内,4,男,52,120.83,0,0,否
4c88d0388fa1491db6aeedf8b23a0b5b,2,120,220000,176139.76,1,乡,省内,5,男,40,0,0,0,否
0026a03920804c898cbab7634d8750d5,1,240,329000,176648.56,1,乡,省内,4,男,30,998.48,0,0,否
4314aff7d08b4385bceda5460d419c1a,2,240,200000,176732.41,1,乡,省内,3,男,37,1343.74,0,0,否
3e29fa676fc943e49825a097cee2f1b8,2,120,200000,176936.68,1,乡,省内,5,女,48,427.22,0,0,否
001c4c58cd91425fb57aa5a4966d635a,1,180,190000,177449.9,1,乡,省内,3,男,35,1166.49,0,0,否
6c9b07f163494841a527de474396a5f4,4,300,180000,177524.55,1,乡,省内,4,男,39,0,0,0,否
4b4e1618d82e4b058d5de40183e004dc,2,120,240000,177531.74,1,乡,省内,4,女,32,26667.15,0,0,否
002747225e1e43bf9fe623b12c023772,1,120,190000,177601,1,乡,省内,5,男,29,2949.16,0,0,否
2f68f33124784384817491c8e568e5a8,2,180,210000,177993.26,1,乡,省内,4,女,28,436.51,0,0,否
001ce2926e5d4378a51ceab6950b6a70,1,300,180000,178140.3,1,乡,省内,4,男,26,9244.98,0,0,否
0026df27cb0a4118acb1943afcb0efc7,1,240,200000,178493.68,1,城,省内,3,男,39,5655.77,0,0,否
5bb330b97f4342d8a3ecede09b746978,5,120,200000,178594.33,1,乡,省内,4,女,24,0,0,0,否
3ef46f55da0d4757bcefaadca719abf0,2,120,200000,179006.93,1,乡,省内,4,男,28,57.75,0,0,是
3ef46f55da0d4757bcefaadca719abf0,2,120,200000,179006.93,1,乡,省内,4,男,28,57.75,0,0,是
1412f2f8d8c248bd864603afadb6680e,4,300,190000,179867.97,1,乡,省外,4,男,29,0.08,0,0,否
afc62a3146584b1fb2120704b72215a7,3,240,185000,179888.14,1,乡,省内,3,男,39,4979.28,0,0,否
0009fab82e3c472ab8b889cc9db8296e,1,240,200000,180416.37,1,乡,省内,3,男,28,451.02,0,0,否
001fb79000c542f5836fc68d5b2b7b03,1,120,200000,180779.31,1,乡,省外,4,男,37,515.4,0,0,否
785197c0d2d341ccaba572bf18882699,5,120,200000,180872.94,1,乡,省内,5,男,43,7.46,0,0,否
9c1abfa9d3504289819c5ed08cca4aa5,3,240,200000,181521.8,1,乡,省内,5,男,35,122.14,0,0,否
6e87a73aa0aa429da9c57b9d8b6dedb7,5,120,200000,181631.41,1,乡,省内,5,男,37,0,0,0,否
20b19e757ae34bac8e792308c658f538,2,240,200000,181686.16,1,城,省内,3,男,42,0,0,0,否
02ca13a80a304be2a1d4a9022c8f7474,3,95,200000,182226.07,1,乡,省内,5,男,54,0,0,0,否
4813bd618008493683d2570d11675bb5,2,240,205000,182891.17,1,乡,省内,4,男,30,48.26,0,0,否
442bba11c12f43198f0826632e70f369,3,240,190000,183430.4,1,城,省内,5,男,30,1,0,0,否
2b789b4f89b44f2285f1d83d5189a19d,2,240,190000,183769.88,1,乡,省外,4,男,30,26.27,0,0,否
65ed49def4f24e8b9a43b85a29bf4ac7,4,240,190000,183898.06,1,城,省内,5,男,27,0,0,0,否
0025cdfefc7b4e68a092ddb268062ace,1,240,200000,183969.47,1,乡,省外,3,男,30,887.54,0,0,否
c4be52fb812f4f268b07986bf8431ea0,3,180,200000,184896.04,1,乡,省内,4,男,23,0,0,0,否
66c4f358b5104422a9e128e7b7660ea8,4,120,200000,185842.17,1,乡,省内,4,男,43,7.06,0,0,否
009c6a2ca2a34718bff111db74c1ad16,5,180,200000,186153.46,1,乡,省内,3,男,51,0,0,0,否
3fdfae0686004f288b955f770087dde0,5,240,200000,186412.1,1,乡,省内,4,男,22,0.16,0,0,否
202c3b801f2e4260b1e73ac531ae3f5b,5,240,190000,186726.89,1,乡,省内,4,女,23,0.83,0,0,否
5d831ac2a2424c09b692c231c3711e57,2,120,250000,187035.59,1,乡,省外,4,男,31,5.97,0,0,否
7121550a710d40689087c10a33de2265,3,300,190000,187037.31,1,乡,省内,3,男,36,0.62,0,0,否
7ece1f9946424167ad061e70f6968e9d,3,120,240000,188553.08,1,乡,省外,3,男,54,812.84,0,0,否
4b91201bfc9648858607721a8919218e,5,120,200000,188583.28,1,乡,省内,5,女,54,2.78,0,0,否
2b5e3f9bab444aad8738aaacbf12ab02,3,120,250000,188950.77,1,乡,省外,4,女,41,3.49,0,0,否
000bdcb66afd43348345b6fe1df4bc6d,1,120,200000,189003.79,1,乡,省内,4,男,45,778.34,0,0,是
555a9dff796042e183cff3163cf6a8c1,2,180,200000,189947.28,1,乡,省外,4,男,34,183.2,0,0,否
f96074dbe93a47cb9447b9d7d61c12c1,3,180,220000,190872.72,1,乡,省内,3,女,50,2.18,0,0,否
7eb6809195694d4f831c39770fd4b798,3,120,250000,191538.33,1,城,省内,5,女,44,0,0,0,否
54b5e8e34ac944669bdb86e0afbba59d,3,240,200000,192209.57,1,城,省内,3,女,34,0,0,0,否
b3c22e331b7a4e19a2d574df56b7fd07,3,240,210000,192234.71,1,乡,省内,5,男,21,11.05,0,0,否
3b32b60aeaff4ee8b15ebd11324dc683,5,240,200000,192799.35,1,乡,省外,4,男,33,0,0,0,否
500dff694f2d4c50a0fff17e77553e86,5,120,210000,193100.12,1,乡,省外,3,女,35,0,0,0,否
d797584dff564f108d96d17e16418b52,3,240,210000,193579.52,1,乡,省内,3,女,32,2.1,0,0,否
0d0c3619059a4904b63cdbbe6a30d071,5,120,230000,193880.45,1,城,省内,5,男,39,7.6,0,0,否
71e0278e727642c29bf3ee8371e64621,4,36,320000,194105.42,1,城,省内,4,女,47,0,0,0,否
0020938624f4481f95f93d08ff3b2c9f,1,120,200000,194110.89,1,乡,省外,4,男,31,1162.79,0,0,否
523b47b36ecd4f039eaf3254aded0e74,3,156,200000,194332.7,1,乡,省内,3,女,52,533.66,0,0,否
95c6880462e34ca1b29277d416895437,3,240,200000,195245.1,1,乡,省内,3,女,30,0,0,0,否
0024185b63524de08d06da035c0554c1,1,168,200000,195654.83,1,乡,省内,3,男,50,208.78,0,0,否
88f0302c5d0f4cba827a86a63dbfbadf,3,360,200000,195897.17,1,城,省内,5,女,33,5.57,0,0,否
0009ddbc08894c7cb75ab2070e6d03b4,1,120,200000,196099.47,1,乡,省内,5,男,22,4129.38,0,0,否
17fcbc2e5e7244aab4346e4e598af086,2,240,210000,196522.98,1,乡,省外,3,男,31,0.54,0,0,否
52d8510797d84d2294a42675c835409a,2,240,220000,196711.63,1,乡,省内,4,男,29,152.99,0,0,否
4b1b9d8d14a54daa8f57ab8793570491,5,120,200000,196745.35,1,乡,省内,5,女,55,0,0,0,否
002c5e74c1894abeb71bb7e44b6880ae,1,120,200000,197336.91,1,乡,省内,3,男,55,11548.44,0,0,否
001f4c73391644948b292066403e30ed,1,120,200000,197404.95,1,乡,省内,5,女,47,7394.45,0,0,否
2cdea5963362498cb5ce5b24fb838656,2,120,240000,199805.32,1,乡,省内,4,男,32,2.59,0,0,否
D837C6893BCC4F4DE0430911001509F0,3,120,260000,200812.83,1,乡,省内,5,男,38,148.83,0,0,否
062e6e5e7911480bb90c5bca4f0b8964,4,240,210000,201301.52,1,乡,省内,5,男,30,0,0,0,否
5fa72a4cee4043a5b01aed763dd0e5f6,4,120,210000,201360.92,1,乡,省内,5,男,35,57.26,0,0,否
2cca0faad2e743f2a5ea5010912ed81d,5,288,210000,201945.13,1,城,省外,3,男,41,21.31,0,0,否
001c2de11f2f401ebcd32084c4ccabc6,1,240,210000,202569.13,1,乡,省内,3,男,30,91.67,0,0,否
a90ee0b967dc4bc4869ba0408a5c4547,3,240,210000,202820.97,1,乡,省外,5,男,26,0,0,0,否
14b48cd749e74822a4fcc554c7c1bbcd,5,108,215000,202889.89,1,乡,省内,5,女,57,0,0,0,否
d66a21ae4263453e812f39a21834a9fb,3,240,220000,203516.02,1,乡,省内,4,男,41,0.08,0,0,否
ebbfe86c86674995bb338dce01516161,3,216,210000,203854.44,1,城,省内,3,男,47,0,0,0,否
2506414994484a15b964da85b48dc74c,2,120,220000,204008.09,1,城,省内,3,男,29,193.03,0,0,否
58ce55b394d4403ea391f636daa7534a,3,120,220000,205202.44,1,乡,省内,4,男,48,63.6,0,0,否
1092f08c33964508a12a82669834bd73,2,360,210000,205856.01,1,乡,省外,4,女,29,0,0,0,否
445b3eb4dea541c08ad43f4b848af322,2,360,210000,205856.01,1,乡,省外,5,女,26,10.03,0,0,否
fb7614d29a1243219278785a383c262e,3,300,210000,206222.77,1,乡,省外,4,男,29,0,0,0,否
25fe74c329934805a6810db6cd601762,2,228,220000,206412.61,1,乡,省内,3,男,47,34.14,0,0,否
3072904316de48c5857c17ea715d53fd,2,180,220000,206573.28,1,城,省内,4,男,50,1003.83,0,0,否
64efab8176fd4156b71d96133c8c784f,3,240,230000,206728.64,1,城,省内,5,女,46,0,0,0,否
1d2958bdb8f6443295abfde01557e55d,2,180,220000,207188.17,1,乡,省外,5,男,32,0,0,0,否
002c18606cd74a198d9ef56da9500681,1,240,220000,207481.9,1,乡,省外,4,男,31,576.71,0,0,否
1fa6f6fa1298490f98ecaa45d64f2bab,2,84,250000,208056.08,1,乡,省内,4,男,58,447.3,0,0,否
75bae1f65b7945a8898183d90b1c8d06,3,240,230000,208383.69,1,乡,省内,3,男,48,0,0,0,否
de16d48c037843cf9c2fd96721da4c5b,3,156,250000,208854.3,1,乡,省内,4,男,54,355.36,0,0,否
08d28f5113264581bede2a03cf289fa8,4,240,210000,210000,1,乡,省外,4,女,28,0,0,0,否
2042bc98820a43158f10661c771b6052,2,180,220000,210681.59,1,乡,省内,3,男,46,114.64,0,0,否
0a44f5658b03484c8ac865ea3e5b278b,2,240,220000,211302.39,1,乡,省内,3,女,38,4796.03,0,0,否
3067daf412a947b1a26ebaf46061374d,2,180,220000,212407.06,1,乡,省内,3,女,31,2938.81,0,0,否
fe7c5d314d8547ac80a4c49e69b8ff1e,3,168,230000,212862.61,1,城,省内,5,女,27,28.7,0,20000,否
3a1164b6c7a746b2907ee4459f573d8e,5,240,214000,213473.32,1,乡,省内,4,男,26,0,0,0,否
15786a039cb5440292b4b807278f50a2,2,240,220000,213921.03,1,乡,省外,4,男,30,1167.31,0,0,否
36665519a987431bb9896f472d977abd,5,180,240000,214061.02,1,乡,省内,3,男,35,1.93,0,0,否
3d91f0916b1d4848a80c7fa6b7007294,2,120,295000,216218.08,1,乡,省内,4,男,49,0,0,0,否
4ebeefaaf3dc4862abb696fcd53aeef3,4,240,220000,216718.01,1,乡,省内,4,男,35,0,0,0,否
439cce7209904e499dfbd7884d723042,4,300,230000,217918.02,1,乡,省外,4,男,36,0,0,0,否
0e9d7fc407fd48218b1e106f03bca9ce,3,180,250000,218200.51,1,乡,省内,4,女,33,9.53,0,0,否
f0db373264ed473e82013f98dd809923,3,288,220000,218324.83,1,乡,省内,3,男,38,10,0,0,否
1d0ff9689dba40089b47742e6932935c,2,120,250000,218818.54,1,乡,省内,4,女,36,1094.68,0,0,否
0917d9eb8392465996212a8c34a30cc1,2,360,230000,219007.44,1,乡,省内,4,男,31,1578.7,0,0,否
733f5872ecf2462e9fbfa74bdbec52e5,5,360,230000,219315.13,1,乡,省内,4,男,26,0,0,0,否
09111ecb0b9c4603b780b87f104a00a7,2,240,230000,220118.19,1,乡,省外,5,男,45,0,0,0,否
02aacbacac654b6cad62ccb7ef524522,2,300,230000,221291.31,1,城,省内,5,男,37,10.04,0,0,否
446a263c19df4ba28885613a7ebcca8b,2,240,230000,221908.25,1,乡,省外,5,男,43,0.07,0,0,否
1f43ba83d7ce458a965ee8fbbbd2720b,2,120,230000,222209.15,1,乡,省内,5,男,47,119.71,0,0,否
8937729f8e1d448999c2807b22714459,3,120,250000,222215.16,1,乡,省内,4,男,33,0,0,0,否
c7972a15e4d842faa7e97e92620b1a54,3,276,230000,222517.17,1,城,省内,5,男,37,92.68,0,0,否
c7972a15e4d842faa7e97e92620b1a54,3,276,230000,222517.17,1,城,省内,5,男,37,92.68,0,0,否
c7972a15e4d842faa7e97e92620b1a54,3,276,230000,222517.17,1,城,省内,5,男,37,92.68,0,0,否
001e5ea74cae40859837a23a12925f47,1,240,250000,223117.14,1,城,省内,5,男,38,91.48,0,0,否
f020e8b92d1c4885b9dd55e3e18eb003,3,240,250000,223157.87,1,乡,省内,5,女,29,0,0,0,否
002d9ab5a19b49a8a0b28b95bca16914,1,120,295000,224197.72,1,乡,省内,4,男,39,385.35,0,0,否
bad47034c4c84e94aec3c71e055af440,3,240,230000,224234.29,1,乡,省内,4,男,26,0,0,0,否
6630c8dfe9dc4182b0b685be99976e01,4,180,230000,224740.37,1,乡,省外,4,男,26,0,0,0,否
00275cb597db43a4a34560a8a5e41d58,1,120,250000,225014.56,1,乡,省内,3,男,48,1977.37,0,0,否
7a176ad2987d4794896973b6ec3b5b06,5,120,250000,225347.33,1,乡,省内,4,女,45,21.04,0,0,否
0025b37a8ba442ee9f3592230711fb14,1,360,230000,225952.62,1,乡,省外,3,男,28,147.22,0,0,否
0018904cea3b49598c8fa8af4462fc20,1,120,250000,226728.19,1,乡,省内,4,男,42,76921.47,0,0,否
09742612096446e79cccd5f14738deb6,2,240,250000,227623.02,1,乡,省内,4,男,22,13.8,0,0,否
1889e04410394c0da284a109b08fbc90,2,240,240000,227798.36,1,乡,省内,3,女,31,0.04,0,0,否
4651d16e08624d68b16cf7b43dfffc05,3,180,250000,227993.89,1,乡,省内,3,男,30,1.48,0,0,否
4651d16e08624d68b16cf7b43dfffc05,3,180,250000,227993.89,1,乡,省内,3,男,30,1.48,0,0,否
4651d16e08624d68b16cf7b43dfffc05,3,180,250000,227993.89,1,乡,省内,3,男,30,1.48,0,0,否
1da7e11e9f6240f3aa1b1d212383e289,2,120,300000,228105.73,1,乡,省内,4,女,34,12.38,0,0,否
0dd5b93deb1f4221a7886385fb99c8d8,2,240,240000,228215.97,1,乡,省内,5,男,32,111.65,0,0,否
1feeae7c503c40ce9d5fe053ef3adf62,2,120,230000,228602.88,1,乡,省内,3,男,49,659.58,0,0,否
10351ade323345efb40c7ca01ce0ab2f,4,120,280000,228655.86,1,乡,省外,5,男,46,14.18,0,0,否
63857472c4cd4484b18a83e4e74b7391,5,180,240000,228850.45,1,乡,省内,3,男,52,322.46,0,0,否
ef372ee6c9ba47f0b4cd5bd9ec9b80c5,3,240,250000,229058.63,1,乡,省内,4,男,25,0,0,0,否
b7678901019c455eb1b38c043474a42e,3,240,250000,229772.06,1,乡,省外,3,男,35,10.19,0,0,否
68f83682a2034e5c988dbf90584bdc7f,3,240,240000,231075.69,1,乡,省内,4,男,42,65.02,0,0,否
00220d39c33d4c06be0651a22e492208,1,120,240000,231495.35,1,乡,省内,4,女,35,1290.87,0,0,否
1586e34cd8aa459f8a0c8e6fc387ed68,2,120,300000,231616.67,1,乡,省内,3,男,40,160.33,0,0,是
00151ece89f94798b252d7b286797037,1,180,250000,232493.96,1,乡,省内,3,男,39,15342.74,0,0,否
5115ba2f44034a81a16d65c3a9d1773e,2,300,240000,232592.03,1,乡,省内,3,女,36,1.76,0,0,否
7f785b99a0c14dc0ba3a4ffbd3e53c87,5,120,245000,232635.49,1,乡,省内,5,女,50,0,0,0,否
361ae77d2c9a49b29e9296392dc51ae3,4,120,250000,232898.29,1,乡,省内,2,男,35,66.41,0,0,否
361ae77d2c9a49b29e9296392dc51ae3,4,120,250000,232898.29,1,乡,省内,2,男,35,66.41,0,0,否
1918fb4043624f6c84d5fa7444b69065,2,300,240000,232987.2,1,乡,省外,5,男,36,1.09,0,0,否
f410915876aa42a4b070420ab71cef4c,3,300,250000,233509.95,1,乡,省内,3,男,29,130.99,0,0,否
528b536e24784edabe4b82c8f4af1e4d,2,120,250000,233929.49,1,乡,省内,4,男,35,5.39,0,0,否
470f2159751a458c98df97aaffa4547a,5,120,240000,234410.88,1,城,省内,4,女,46,0,0,0,否
17bb25ad4d9f4d6eb3383726cbd98b12,4,240,240000,235020.75,1,乡,省内,4,男,31,0,0,0,否
4cde4b7b943649e3921a02ce5741b173,4,240,240000,235206.58,1,乡,省内,3,男,34,10.83,0,0,否
64aabc7e62294d0985f3576acedce179,3,360,240000,235950.24,1,城,省内,5,男,29,0,0,0,否
2a6eac1766474d619229838b35dc3e31,2,360,240000,236133.92,1,乡,省内,4,女,28,3.34,0,0,否
0019d9a75744464589d9132171bd45c5,1,120,250000,236864.61,1,乡,省内,3,男,37,784.84,0,0,否
f0fe73260e334ca796cf5cf17003d6bb,3,180,250000,237606.48,1,城,省外,3,男,45,0,0,0,否
57b6669d72d546f78c3d1d600a018e2d,5,240,250000,238398.9,1,乡,省内,3,男,44,0,0,0,否
27fac1b0f8c345a7b35f3cb85b0d658c,2,360,270000,239250,1,城,省外,3,男,32,329.35,0,0,否
410739f11a5d46b6bb67b5deed5265e2,2,240,260000,239484.42,1,乡,省内,3,男,25,0,0,0,否
ae481e4446fd41019427892c236ddd5a,3,180,250000,239549.68,1,乡,省内,3,男,38,378.14,0,0,否
002a952390204f5b8fc9c286506df0d0,1,240,270000,241656.81,1,城,省内,5,女,27,1780.72,0,0,否
21a313a5b4c542a1a8b3739b88242adf,4,120,270000,241901.49,1,乡,省内,4,男,54,0,0,0,否
38c36a1e9dc24041af1f9dd12260e7a1,3,300,250000,242767.46,1,乡,省内,5,女,37,0,0,0,否
09f4c545a4304499abf5d93351e34ad2,2,240,255000,242830.74,1,乡,省内,5,女,44,10.03,0,0,否
000a533965b5447bbae0394786f60682,1,240,250000,242849.38,1,城,省内,3,男,47,687.13,0,0,否
57eafd5569724068a7862d9b2e4c963b,3,240,250000,243126.26,1,乡,省内,3,男,38,76.61,0,0,否
66f86c75a55b448688d1ceb22a669e68,4,180,270000,243579.86,1,乡,省内,3,男,49,1.12,0,0,否
000c2ec7cd7b45ebb36c242263a810b0,1,240,270000,244380.97,1,乡,省内,2,男,34,1114.85,0,0,否
6e1eb378035340a9abeb3c429134fccb,4,300,250000,244921.88,1,乡,省外,5,男,27,0,0,0,否
7f83195e778b45efa4c9007508cda2b5,3,120,300000,244985.96,1,乡,省内,4,女,41,0,0,0,否
eb9a780f25284bb1823f11c5247a32f3,3,336,250000,245502.66,1,乡,省内,5,男,30,727.72,0,0,否
5be4630ef69c41679b33e357314a3155,4,120,270000,245563.06,1,乡,省内,4,男,46,17.66,0,0,否
24144e188a3c42ef899c194106227ffe,2,240,260000,247673.8,1,乡,省外,3,女,31,0,0,0,否
154fef7ab3c54b08a6445f1b670d3745,5,360,250000,248208.49,1,乡,省外,5,男,32,0,0,0,否
12f61b357ffe47b2ba0aa65cda498983,4,60,260000,248411.36,1,乡,省内,3,女,55,0,0,0,否
0000cf0923ce4af8a61783dffc9944bc,1,360,260000,249221.72,1,城,省内,5,女,31,361.29,0,0,否
23b5e1bb6a314b78a90743aa0d1eee35,2,192,780000,250239.62,1,乡,省内,3,女,51,3040.38,0,0,否
131eab54addc4afea76c13bb577d1a77,5,240,266000,250720.2,1,乡,省内,4,男,32,0,0,0,否
4858a5724c47429cbc01f448f85e318f,4,120,280000,251238.1,1,乡,省内,5,男,36,0,0,0,否
0025775e24724f85b093430e25d87b38,1,36,280000,251381.94,1,乡,省内,4,女,43,9834.48,0,0,否
1728ebd937b14d1b9b340399ef496712,4,120,300000,251969,1,乡,省内,4,男,34,0,0,0,否
1ace2efcdeef4f45a0e4521b92976745,2,324,260000,252939.18,1,乡,省外,5,男,29,0,0,0,否
25d2c998b5ff485a943964d8d9996ab9,5,300,260000,253066.64,1,城,省内,3,女,40,0,0,0,否
b781ff2c3c464185ba3aa7abd16b4ca2,3,300,260000,253692.11,1,乡,省内,5,男,29,0.66,0,0,否
002a4608081241cebfb99589e541bf46,1,240,280000,254046.82,1,乡,省外,3,男,35,5406.8,0,0,否
4a685ebe069247f8b1fb58f3d66b84e8,3,276,260000,254317.61,1,城,省内,5,男,43,80.29,0,0,否
44ba9039bf5e4223b097ba7c4c177445,4,336,260000,255436,1,乡,省外,5,男,39,7.18,0,0,否
00297dc2801e4407b2056fc4179c8da6,1,360,270000,256765.65,1,城,省内,5,男,31,92.43,0,0,否
1c6a6926f7c6409ebcf4a5710ad20432,5,120,300000,259093.93,1,城,省内,5,男,43,0,0,0,否
0006f2b06f85436099d062246db47f8d,1,180,310000,259147.16,1,乡,省内,3,女,36,438.38,0,0,否
3cfa56b1dc644212bc5169b6834d84f5,2,240,270000,259302.34,1,乡,省外,3,男,43,0,0,0,否
c856cb9463324221848f1f58a8ddc073,3,180,270000,259624.74,1,乡,省外,3,男,50,0,0,0,否
0025920ae0274f7c8c7ebbb25bc6f48d,1,240,280000,260983.02,1,乡,省内,3,女,40,349.72,0,0,否
3477e4dfde344239a81e5ddc05da18ff,2,240,270000,261204.23,1,乡,省内,5,男,28,22.88,0,0,否
2775c5afde7b494b8dafac723cb5b9f5,5,300,270000,263545.24,1,乡,省内,4,女,28,159.93,0,0,否
5500007977774faca117dbb672c350c4,2,216,270000,265297.84,1,乡,省内,3,女,46,48.76,0,0,否
3682944cc6fc47948cfe443f3778e7b5,2,300,270000,265789.88,1,城,省内,3,女,27,0.01,0,0,否
686efde0193b40a0bb21be412c48c4e4,5,120,292000,266667.7,1,乡,省内,5,女,51,11.34,0,0,否
0a2afeb7ccca4e7dae3f1ba28a239505,2,120,300000,268453.21,1,乡,省内,5,男,36,0,0,0,否
097493693cb74f9f9f1d2e620978ddf2,3,240,280000,268481.54,1,乡,省内,4,女,23,1.26,0,0,否
3a9b9299d5c2486d8b62676f99160234,2,144,300000,268619.67,1,乡,省外,5,男,48,49.05,0,0,否
64649c9bbeb240fe925830036f9435a0,3,216,280000,269478.09,1,城,省外,4,男,48,0,0,0,否
0014edb3cfc24e51b1446630533e53d0,1,300,270000,270000,1,乡,省内,4,男,24,114596.18,0,0,否
3618aab3cfa94a438593f43e5667c542,3,240,280000,271214.46,1,乡,省内,3,男,39,61.29,0,0,否
176245738f594e7c9b4d00020a8c933d,2,180,280000,271427.6,1,乡,省外,4,男,47,3.3,0,0,否
6abb14a533a84289b1dfe711a79db746,4,240,280000,272308.05,1,乡,省内,4,男,33,0,0,0,否
56925c8ff9a24706b9f013dbd9300081,2,120,320000,273250.25,1,乡,省内,3,男,30,0,0,0,否
4b68ef0cf5234854b44af1430eaa8b75,2,180,320000,273817.72,1,乡,省外,5,男,52,7.77,0,0,否
0747e977a55e4b348fe106e492308ac9,2,360,280000,274160.96,1,乡,省内,5,男,33,0,0,0,否
516912cec521407eaf172e1b9fa8128d,2,360,280000,275458.18,1,城,省外,4,男,35,0,0,0,否
0c881d230dbd4ee682c3b5a409fe98ef,2,120,360000,277209.7,1,乡,省内,5,女,54,1181.1,0,0,否
3f585b912f464d51b80a7b7a745646cf,2,288,300000,277310.34,1,城,省内,3,男,44,52.14,0,0,否
3c4e4f6c572d43f087a7dae38b212851,5,240,280000,277455.91,1,乡,省内,3,男,35,0,0,0,否
a62f803554a444b492849e5405479ee3,3,120,300000,281791.09,1,乡,省内,3,男,53,0,0,0,否
000fd45bb1ef46e795ade7253517a130,1,360,300000,283392.16,1,乡,省内,4,男,35,1232.93,0,0,否
162fc12d3dca4077868cfe66fd41d44f,2,360,290000,283738.53,1,城,省内,5,男,36,0,0,0,否
37d0b49ed6e047afb12cf61981a6bbbb,2,240,310000,283769.39,1,乡,省内,3,男,40,7.49,0,0,否
1f96c3d2424d41b6895d0c0125cb309d,2,360,290000,283930.5,1,乡,省内,5,男,24,0,0,0,否
70e91025a29e474bba3c6c5f1ce6876e,5,240,290000,283975.6,1,乡,省外,4,女,44,0,0,0,否
0c55b50bf2ea44b58ecac7c09efc955e,2,360,290000,285271.01,1,乡,省外,4,女,26,1.04,0,0,否
00065d02cfdc4d8794aacf977258d384,1,300,306000,285443.75,1,乡,省外,4,男,33,283.35,0,0,否
24ec8b0917724a5793b6c6bb24e88f49,3,240,300000,285741.09,1,乡,省内,5,男,45,0,0,0,否
4a9f770630bd4e1a94bebd0dc12977be,2,180,310000,286212.03,1,城,省内,5,女,43,0.36,0,0,否
2363b30e3b04439395cad38ac39eb879,2,120,390000,286674.77,1,乡,省外,4,男,45,1530.94,0,0,否
25eda6f773044c42ac6379aeccfe583b,4,204,300000,288224.47,1,城,省外,5,男,47,0,0,0,否
3b61467607664dbca95a5227e9c630b5,2,180,340000,288951.99,2,乡,省内,3,男,31,104.94,0,0,否
98a86e7e966c49d99979df17113c8c1c,3,360,300000,289035.53,1,乡,省外,5,男,30,0.07,0,0,否
5b5f9a2c763e42e69f768f202dcf606e,3,360,300000,289074.22,1,乡,省内,4,男,27,9.1,0,0,否
1ba141544661466c9c56bbb47955b632,2,36,525000,289508.76,1,城,省内,4,男,44,0,0,0,否
1530b487488649a38002ca77d78116e8,2,228,299000,290053.85,1,乡,省内,3,男,47,4.38,0,0,否
b65835997ca54a91ba53792a29a313ea,3,240,300000,291772.07,1,乡,省外,3,女,44,1911.59,0,0,否
12bdbfdd1ac04be0878f8b34336bf389,2,360,310000,292581.61,1,乡,省内,4,男,26,117.09,0,0,否
159602c8fec940a5b86ca8eba52708f8,4,240,300000,292904.21,1,乡,省外,3,男,27,53.99,0,0,否
1a2b35797df843829ed62fddb967d90f,2,360,310000,293264.64,1,乡,省内,5,男,31,7.8,0,0,否
3c9ed80cda8c485d8f52091332fabaa4,2,360,300000,293273.82,1,城,省内,5,男,26,21.23,0,0,否
5b95e46cb2434dcc8859ea0f29dd90fb,4,240,300000,294047.19,1,乡,省内,3,女,37,0,0,0,否
0741b10c967d44048427b851f61ed8b6,2,360,300000,294889.34,1,乡,省内,5,男,27,100,0,0,否
c4bf112e9a6640428c7ca3a445c7892a,3,300,300000,295322.09,1,乡,省外,4,男,34,0,0,0,否
2497c56685fd442e9901d9b5b5de9c58,5,120,310000,296213.41,1,乡,省内,5,男,44,196.22,0,0,否
3f6d070ec5cc499bbabc06b3461b61ba,4,240,305000,297466.57,1,城,省内,3,男,37,0,0,0,否
5ce91a1d175e4cb8a6c4a9a6a79ca5a6,4,240,310000,298718.29,1,乡,省内,4,男,36,54.71,0,0,否
52f71996a07b434faa096504ea592ca9,2,300,310000,299458.98,1,乡,省外,4,男,35,0.19,0,0,否
9980c0072d28410ba1b2851c7146b6e3,3,120,340000,301643.24,1,乡,省内,3,女,55,138.96,0,0,否
fa91c1f69d3b4912b66e45298d075384,3,300,310000,302479.04,1,乡,省内,5,男,36,4.71,0,0,否
0bf549cd7f16492a87223a4532631bb6,3,300,310000,302933.01,1,乡,省内,5,男,35,0,0,0,否
56beeeac0d3147e4b80c7ad8d1e3ba4a,3,300,310000,303147.9,1,乡,省内,4,男,36,0,0,0,否
e6606207824a422b99ad1937934607e9,3,360,310000,303186.07,1,乡,省外,5,男,36,57.35,0,0,否
70b7bc24425b41d5afc6f2806115d2f5,3,300,310000,305166.16,1,乡,省内,3,男,30,4.08,0,0,否
482932bf25d146b79f38d0542bf65bda,2,240,340000,305738.7,1,乡,省外,4,女,28,1202.03,0,0,否
9902eb12ba0b4560a386b0ebb8517715,3,300,320000,305901.79,1,乡,省外,4,女,38,148.28,0,0,否
0fa11cc8e0904e329ae61532ecddfbed,2,240,320000,307176.61,1,乡,省外,4,男,39,0,0,0,否
5dae5cd85b3048bf99fec757a477ab03,5,252,310000,307423.3,1,城,省内,5,男,43,0,0,0,否
002200ee89c0468e9475035753aab21d,1,240,350000,308850.08,1,城,省内,5,男,38,281.76,0,0,否
690419ba8db44c598d6fd90e77b24007,5,360,310000,309011.5,1,城,省外,5,男,28,0,0,0,否
11d7670b737748c29fa0b770b7ac1239,2,300,320000,310212.3,1,乡,省内,4,女,40,0,0,0,否
3866cd0a4315423eb36bfc43170804dc,4,240,320000,310594.22,1,乡,省内,3,男,30,3.77,0,0,否
f8f06754aa9740e7a470c9e8805a5e6c,3,300,330000,311086.48,1,乡,省外,3,女,42,152.37,0,0,否
49e6cfa4799648758bc6380e4e7d6eaa,2,288,320000,312137.3,1,乡,省内,2,男,42,232.13,0,0,否
4aba7564b70d4cbca4ad7f192ffea605,2,300,320000,312733.12,1,乡,省内,5,男,39,42.52,0,0,否
497e30272ece45d99143f8fce573e995,2,348,320000,312975.07,1,乡,省外,5,男,37,0,0,0,否
a6d311702e7f4fc992533f03dc89ec05,3,360,320000,314953.76,1,乡,省外,5,男,35,137.62,0,0,否
0006b9f3a85b404f839633c2f8aa6279,1,240,350000,315033.94,1,乡,省内,4,男,30,537.36,0,0,否
581d60c567d44340bd1bb0ecbd56f881,2,360,320000,315405.27,1,乡,省内,4,男,28,5.13,0,0,否
67ac33d3bb3a480c98e6f93d635d9e1f,4,360,330000,316902.22,1,乡,省内,3,男,38,164.2,0,0,否
00079395df664792b6126f9fd7b1cf9d,1,360,350000,318888.96,1,乡,省外,3,男,34,7853.53,0,0,否
7b1683fa4a804531a6c4b601bf9d7ea3,3,240,330000,319269.22,1,乡,省内,3,女,35,0,0,0,否
074dd3a4514447da878266ebe8f6f97f,2,240,350000,319375.07,1,乡,省内,4,男,24,82.12,0,0,否
5bae2e2441f14d95b92376a365a2fb1c,2,300,330000,319926.95,1,乡,省外,4,男,34,3.01,0,0,否
19d8c0a20b0a4887b5cb0c54038cfdac,2,240,335000,321487.24,1,乡,省外,3,女,46,0,0,0,否
440a5d1b6ea74aa485f48534fbab1add,3,264,330000,321506.31,1,乡,省外,5,女,33,495.89,0,0,否
fb244393e26943fe98e5daf9d85816db,3,240,330000,321727.47,1,乡,省内,4,男,41,42.36,0,0,否
722552767b134b04ab968eac2ee58fb2,4,300,330000,322473.19,1,乡,省外,5,男,34,8.05,0,0,否
0de28a04c5764ddc91a29d876ea753b8,5,120,370000,322805.01,1,乡,省外,4,女,29,0,0,0,否
d23e298c29a542f481108a12ebfee0db,3,240,330000,323409.05,1,乡,省内,4,男,26,0.49,0,0,否
1e22922fc8f54783b6e2e273a5484d24,2,216,340000,323865.45,1,乡,省内,5,男,48,158.29,0,0,否
444f695531a94cb49de6d8b954d5e65b,4,240,350000,324966.83,1,乡,省内,3,男,43,0,0,0,否
57dc82256ac34dc6bc884c45bf9e36b5,5,300,330000,325725.33,1,乡,省内,4,男,39,10.02,0,0,否
1712797af71e43e5b78ce7c8fe00555b,2,324,340000,329883.17,1,乡,省内,5,男,40,0,0,0,否
1aaacef6c33a49aabc6285ff06e0bea2,2,300,340000,330082.29,1,乡,省外,4,女,37,0,0,0,否
2af51489d8e54117ace449ef1423c474,2,300,340000,330500.51,1,乡,省内,5,男,31,36.5,0,0,否
f8d38a2adbb949f2af7dd2aedc5ead79,3,300,340000,331920.93,1,城,省内,3,男,33,0,0,0,否
f7d098ae9316435f887a8edc545de460,3,240,340000,331987.13,1,乡,省内,4,男,45,0,0,0,否
298ac6fdd8b640859ca771ea065b6b4d,4,324,350000,332262.42,1,乡,省内,4,男,34,0.84,0,0,否
8fa6011ecbdd400291052c379513f702,3,360,340000,333855.3,1,乡,省外,5,男,28,0,0,0,否
59c8c32e637640088865600891ac31bb,4,300,360000,333897.59,1,乡,省外,5,男,31,1.47,0,0,否
00e74ec697c44f998645e7c615f3bc38,2,240,360000,334063.37,1,乡,省内,3,女,39,0,0,0,否
1cedf6d29a3f4047b0056e9161e30cef,2,204,360000,334175.19,1,乡,省外,4,男,49,0,0,0,否
9d6c97c7279145a587bbde94bf2f769a,3,360,340000,334540.54,1,乡,省外,3,女,36,0,0,0,否
0021ef22d18a48e786534367a6aaa75f,1,360,350000,334836.5,1,乡,省内,4,男,25,913.29,0,0,否
2cda01123c134f8fb37b66eeeda9c9af,4,120,400000,335558.6,1,乡,省内,3,男,46,0,0,0,否
50a5447c6d784dc6a527b81754484de1,5,180,370000,336622.18,1,乡,省内,3,男,52,147.57,0,0,否
54c34437fd5c4a9f9cfb80724888cb11,2,300,360000,337207.9,1,乡,省外,5,男,42,53.08,0,0,否
36bb611c60ce4878a2274d508983642a,2,240,355000,337593.82,1,乡,省外,4,男,27,4.18,0,0,否
001cec382b95469bb338fefef14dc69c,1,240,370000,337768.21,1,城,省内,5,女,41,11103.41,0,20000,否
34945d428eb54c77803ac5ffb6b3894c,4,240,350000,338688.2,1,乡,省内,4,男,39,37.57,0,0,否
aec48a8d7e6c408db77d15621b1b68c9,3,252,370000,338987.35,1,城,省内,5,男,34,10.96,0,0,否
179e1d69cc2b42e994b4c3a46025dbf4,2,300,350000,339090.95,1,乡,省内,5,男,29,0,0,0,否
4647461b341642158cb867452bc8da6b,2,360,350000,340037.72,1,乡,省内,4,男,27,11.01,0,0,否
33bd20f181d04ecd83a13d69852121a1,2,300,350000,340277.63,1,城,省内,3,男,42,92.79,0,0,否
000da52b124b490da5792107f72747ad,1,240,350000,341678.93,1,乡,省内,4,男,28,471.41,0,0,否
4333968794604fdb98688172a30f7ab5,5,300,350000,342030.5,1,乡,省内,4,女,26,0,0,0,否
3c06c1427a034518a55d3471da7af77d,5,120,400000,342681.74,1,乡,省内,5,男,46,1069.29,0,0,否
2d0fb410670044399122b424dc92533a,4,300,350000,342707.41,1,城,省外,5,男,37,0,0,0,否
0111c088e27544a3a91693c580454fa8,4,300,350000,343311.55,1,乡,省内,4,男,40,2.3,0,0,否
0160ebb1aa2b4d1b907cc3706b2633bf,3,300,350000,343923.6,1,乡,省内,3,女,32,0,0,0,否
53968f6e40c24f0a803be3de21752710,4,300,350000,343988.31,1,乡,省内,5,男,39,50.13,0,0,否
3006009f3735477e812b44d654babc5f,2,360,350000,344322.71,1,城,省内,4,男,34,18.79,0,0,否
8fa5850f6b484555829c1a378323c120,3,360,350000,344418.32,1,乡,省外,3,男,30,0,0,0,否
1f8a5343e2ea47648599a46ef4eb658a,2,240,370000,348532.36,1,城,省内,5,男,47,0,0,0,否
04397a4084844f29ad160f9a56131110,5,360,350000,348877.51,1,城,省外,5,女,36,0,0,0,否
40825e52db7845d3a05ef0cde0ab5178,2,300,360000,351532.79,1,城,省内,4,男,35,0,0,0,否
1489cb38a39a43cb86f60f157ff0be13,2,336,360000,352323.01,1,乡,省内,5,女,38,116.76,0,0,否
abb24a5c82454603937c28d020937fb6,3,360,360000,355138.17,1,乡,省外,3,女,25,0,0,0,否
6a539d7fab034626be6ce250d11680d6,3,120,400000,356847.4,1,乡,省内,4,女,40,3.61,0,0,否
712654af9a624a988d2d9e2e60e7f72f,4,180,415000,358450.17,1,乡,省外,3,女,47,0,0,0,否
097e2361631148c3b5480146e69758a2,4,288,370000,358465.16,1,乡,省外,3,女,37,0,0,0,否
0009c38ae79f4f2da143e800537f6eb3,1,360,380000,358888.8,1,乡,省外,5,女,25,426.63,0,0,否
1bcb45f0a51d46468c623c543a2abae3,4,240,370000,359877.65,1,乡,省外,5,男,46,1.88,0,0,否
82de4490b4664faaa85b16133cc3de3b,3,360,380000,361049.65,1,乡,省外,5,女,29,0,0,0,否
570711947adc4880ac8408bc9379724a,2,300,390000,362141.17,1,乡,省内,5,男,30,0,0,0,否
06aa497fcc61412994c5670f5c5dc011,4,288,370000,362174.97,1,乡,省内,5,男,43,0,0,0,否
0020da2517a647c3a8700219d454297b,1,120,380000,362996.87,1,乡,省内,4,女,37,1013.57,0,0,否
4532bb735f5149be81a36cd72aef2726,2,360,370000,363966.46,1,乡,省外,4,女,27,1.11,0,0,否
658a1524288d4688ad7ae06f9615dc84,5,120,400000,366574.4,1,乡,省内,4,男,39,0,0,0,否
3303fc72bc804b29bbbf73f73378e594,2,300,380000,367245.03,1,乡,省内,5,男,38,0,0,0,否
4420406c58a24829b78b491fd433ad9d,2,156,400000,368060.61,1,乡,省内,3,男,53,0,0,0,否
403f0816195246fe8e09be3ec5775a92,2,300,380000,368155.88,1,乡,省内,5,女,30,97.56,0,0,否
73f2d55a5455464d9bfb1c71bcaa30c3,3,120,400000,368280.93,1,乡,省内,4,男,46,0,0,0,否
00171aac5d1246ffb07d0f998648a7dd,1,180,380000,368366.03,1,乡,省内,3,男,42,220.08,0,0,否
28680ce4d04e496688ca17e429bf9466,4,300,390000,368662.37,1,乡,省外,5,女,28,11.34,0,0,否
0016a57c7ba846abbb519c9df5a6052f,1,240,384000,369411.56,1,乡,省外,3,男,29,1014.65,0,0,否
11fd096883ff45b9b149b3d4ddf2d627,5,300,390000,369875.31,1,乡,省内,3,男,41,13.28,0,0,否
041b261a252a459aaa7a068f910810c8,2,360,380000,370020.36,1,乡,省外,5,男,36,0,0,0,否
47cf102917794150a1cafbcb3404a23e,5,180,385000,371115.06,1,乡,省外,4,男,44,0,0,0,否
51dcc73a2d2841258205fbb6f7a5cd11,2,360,372000,371502.07,1,乡,省外,4,男,27,976.68,0,0,否
63d37a3c81664dd0a7bc351bda3925da,3,300,380000,371513.35,1,乡,省外,4,男,27,197.63,0,0,否
44a7a022b24649e0bbf64c332f41de76,2,240,390000,371562.82,1,城,省内,3,女,31,0,0,0,否
ebce96d3d5734aefad0ac134d66a705f,3,360,390000,371866.69,1,乡,省内,4,男,29,73.49,0,0,否
5c255ee6fb3542eba4eb9ffd014eeff2,2,264,390000,374051.54,1,乡,省内,5,男,29,189.77,0,0,否
ea424ad68f24454285dedea8c9aa49c8,3,180,400000,374099.02,1,乡,省内,4,男,50,0,0,0,否
c22da41814c44e3fa2fe52854c70a615,3,360,380000,375287.66,1,乡,省内,4,女,34,0,0,0,否
5c788adbc6e8494780e655678579a5c9,5,240,440000,375833.45,1,乡,省外,3,男,36,12171.77,0,0,否
203a845c65e246a996c41de92c7399a0,2,240,400000,378319.29,1,乡,省内,5,男,43,388.11,0,0,否
524aa2cfc8c848a2acef58289a5d52b1,5,360,380000,378973.82,1,乡,省内,4,女,31,129.62,0,0,否
13c7579c9dbb4c4db1a54c62b8e9104d,2,360,390000,383062.04,1,乡,省外,4,男,30,198.48,0,0,否
244b9ee3554146b786eb7840922e5f56,3,360,390000,384704.87,1,城,省内,3,男,31,0,0,0,否
a8183db1c0254271baf8cc3d7b9621f4,3,240,390000,384886.67,1,乡,省内,4,男,44,0,0,0,否
0cf5632b253540869e2eda0f64c9a4af,3,120,470000,392160.73,1,乡,省内,4,男,42,50.48,0,0,否
71fb02912e9e48a39b0ea9512cf472b8,5,360,400000,393068.96,1,乡,省内,4,男,29,5.35,0,0,否
fcb914aceaeb4ae19e7135503733bad4,3,360,400000,393692.21,1,城,省内,5,女,31,0,0,0,否
10b3c4bb2a254bbc9bc106a49c1dddc7,4,360,400000,394597.99,1,乡,省内,5,男,36,167.97,0,0,否
288d05d1023a41918bf4dcf3fb773b2f,2,276,410000,395123.15,1,乡,省内,3,女,44,792.65,0,0,否
f0870c453be84d8ba49ad03b96a08175,3,120,460000,395784.63,1,乡,省内,5,女,36,1014.91,0,0,否
f0870c453be84d8ba49ad03b96a08175,3,120,460000,395784.63,1,乡,省内,5,女,36,1014.91,0,0,否
1df38dcbcc0e46959dcd351aa34d023b,2,300,410000,395975.98,1,乡,省外,4,男,36,15.14,0,0,否
39cc766348914de6b06988f31e2d1b46,2,240,440000,396224.21,1,乡,省内,3,男,25,598.72,0,0,否
056918a7279941b68613b72914ef3918,5,300,400000,396620.18,1,城,省内,5,男,36,41.31,0,0,否
056918a7279941b68613b72914ef3918,5,300,400000,396620.18,1,城,省内,5,男,36,41.31,0,0,否
62cca012984e4e6184b9681bbc36cf13,3,360,410000,397751.49,1,乡,省内,3,女,29,10.08,0,0,否
53607d99886f480ea34bb74444912486,3,228,430000,397938.58,1,乡,省内,3,男,46,53.29,0,0,否
63678b8ffb974187b144bf2eb98a68b1,5,360,400000,399105.75,1,乡,省内,5,女,26,0,0,0,否
3575b6ce36314564bf2f1959c5709b99,5,120,450000,401373.78,1,乡,省内,4,男,54,0,0,0,否
e0ee267fe4744df59115319ce69dccf6,3,360,410000,402451.8,1,乡,省外,3,男,31,10.76,0,0,否
0d2071abadc64cd3ac7272b2f7e6618c,4,276,420000,404782.6,1,乡,省外,5,女,39,6.81,0,0,否
6c2871a295f444f0888fd5d5d76aa5fa,3,240,430000,405379.61,1,乡,省内,3,男,48,0,0,0,否
36e83d6667e44b34948b72d3f842b307,2,324,420000,405418.66,1,城,省内,4,男,37,1.27,0,0,否
5f2d35593c634f95b902e7b87b344388,5,300,410000,406729.04,1,乡,省内,5,女,30,0.75,0,0,否
1d4ee16cf4a54f47b8cb488cd14c26cd,2,276,450000,410353.12,1,乡,省内,3,男,42,15.71,0,0,否
1e8319439c6b4abf82351568f5b41d7d,3,300,420000,410716.52,1,乡,省外,4,女,38,0,0,0,否
6f2fb39be39544bcb8cb3a9cdbe47f8b,3,300,420000,410899.26,1,乡,省内,5,女,39,21.24,0,0,否
4ced9ca8cbdc420381beeee7efe672d1,3,360,420000,413969.43,1,乡,省内,5,男,27,4.46,0,0,否
3d32e59d8a0a4acc9925038e5e2ebafb,5,360,420000,415330.34,1,城,省内,5,男,35,6.77,0,0,否
3ebf329999c4434a9f97b2f95fe5c290,3,204,440000,416566.7,1,城,省内,5,女,36,0,0,0,否
2e401a968b124aefbef4c6354e5a9692,2,360,440000,418859.18,1,乡,省内,4,女,24,1239.16,0,0,否
4ddfddd9737a4314bd2c15e19d231bba,4,360,430000,423265.64,1,乡,省内,3,女,32,10.07,0,0,否
6dae2bc534454bc8a4504db719d254df,3,360,430000,425210.69,1,乡,省外,4,男,31,0,0,0,否
04e646286df14cd2b64cfb22f5af6064,4,360,430000,425417.53,1,乡,省内,4,男,28,0,0,0,否
00145dd3579a48638897de97d5a4c5c8,1,60,600000,429842.57,1,乡,省内,4,男,38,232943.49,0,0,是
c8a9df77e5774c73974473f25bbfaf58,3,264,440000,430236.86,1,乡,省外,4,女,44,0,0,0,否
bb989a0bec804459aec8a9dfe81b5afc,3,240,450000,430943.04,1,乡,省外,5,女,35,0,0,0,否
b0537fef10c04fb08d86b06a61599dcc,3,240,440000,431269.2,1,乡,省内,3,女,34,93.51,0,0,否
4837e8fb41534859977ef6283730f8b8,2,360,440000,433390.5,1,乡,省外,4,女,28,0.37,0,0,否
5608e21089e143969f7e7d16cef92287,2,300,450000,435974.07,1,乡,省内,4,男,33,0.05,0,0,否
167191e186e446f1ac65a9e8b5981194,2,360,440000,436433.7,1,城,省内,4,男,24,1.03,0,0,否
697539c9d2a54f2885c2683e72647346,4,360,440000,437033.55,1,乡,省内,4,男,23,59100.41,0,0,否
9240832dad2d43b1a5475e8c68930c24,3,360,450000,437172.01,1,乡,省内,4,男,29,7.61,0,0,否
871e08afbbb34c049c3e361c448b6491,3,360,450000,439546.54,1,城,省内,5,男,29,0,0,0,否
5f06303940634b7299dd4699e64e9d82,5,360,450000,439609.05,1,乡,省外,5,男,36,0,0,0,否
00027cc01a6749699afbdee00f5ba4a0,1,204,450000,439723.59,1,城,省内,3,女,48,887.95,0,0,否
f4d08cf553f24f1489d1cb4511cb9362,3,300,450000,440723.34,1,乡,省外,3,男,37,20.25,0,0,否
59e56d0017d34d2caa85e4f05ad7755e,4,300,450000,441152.57,1,乡,省外,5,男,26,0,0,0,否
2837b1e148844fe8aef09656471a7960,2,300,460000,445662.39,1,乡,省内,5,男,26,0,0,0,否
1ab35b8252c24f59bbac42777c72ca50,3,276,450000,446443.45,1,乡,省外,4,女,42,0,0,0,否
00255606444447a0874167c02a6076ba,1,360,450000,446845.85,1,城,省内,4,男,28,956.98,0,0,否
074173a72af84214a79c6c0f69c4c640,5,132,470000,449259.39,1,乡,省内,3,女,38,164.73,0,48000,否
3330b4e1618a4cc3bfb40ad05ef6ce56,3,360,460000,451655.08,1,乡,省外,5,男,32,0,0,0,否
94e97860d83a4b05b52b2f2fe62ea2c4,3,312,460000,453302.91,1,乡,省外,3,男,36,0,0,0,否
22a81c02cf424f0c993a5ea09b552d4d,3,300,470000,460168.03,1,城,省内,5,男,24,11.6,0,0,否
14be79d7522240d58d3ce453ed45fa5c,3,360,470000,462069.21,1,乡,省内,5,男,28,0,0,0,否
bd4a8c8754a948f8ad15f7a628a09fb5,3,240,520000,463666.58,1,乡,省内,3,女,37,202.3,0,0,否
226896a98fb24da7a21963c2a2c01437,3,120,600000,465234.3,1,乡,省内,3,男,38,0,0,0,否
093371cdfb524539ae1e167b9724f217,3,360,470000,465923.59,1,乡,省外,4,男,22,1174.65,0,0,否
50b59f4800ad4a60b4feb7c7fb5e6c67,2,300,480000,466216.2,1,乡,省内,5,男,29,0,0,0,否
818544add1824ef5a543a888dfcdf65a,3,360,480000,471462.86,1,城,省内,5,男,32,8.67,0,0,否
79199113166e4b11a80c511961277fe9,5,120,550000,471773.33,1,城,省内,3,男,43,0,0,0,否
4b6099f859724e99bb8b15090b0041b5,3,360,480000,473404.06,1,乡,省内,5,男,29,0,0,0,否
42612d84140748518d145de23f3729c3,5,300,500000,480307.62,1,城,省内,5,女,41,0,0,0,否
1afa423bbe8f454882fa08c28c783c07,4,300,490000,483866.46,1,城,省外,4,男,34,0,0,0,否
502969d0e9b9406d9da442eff7e0c064,4,360,490000,484513.45,1,乡,省内,4,女,28,1.56,0,0,否
65c617cc3a9843a69ff955a506e7f4e3,4,120,550000,485217.35,1,乡,省内,4,女,37,64.52,0,0,否
3459cfa9010c47a6a63e347c99abf9c0,2,300,500000,488645.48,1,乡,省内,4,男,35,120.63,0,0,否
33bd36e02cfd49809c127be558644be2,3,336,500000,489092.98,1,乡,省内,3,女,38,261.98,0,0,否
7f80030977b943008fa04bfa28bfa21a,3,360,500000,491310.54,1,乡,省外,5,男,33,0,0,0,否
c38e7457d33a4e579a776c3d8a947796,3,360,500000,491310.54,1,乡,省内,5,女,33,0,0,0,否
397df59e1ea14ab3b6c7dd86f657d223,4,360,500000,491356.57,1,乡,省外,5,女,28,3.45,0,0,否
9b5f4540b80b4c229821fba570e85a9d,3,360,500000,493211.36,1,乡,省内,5,男,25,0,0,0,否
6456f1d3ffc64933a00df791b35f659e,3,360,500000,493799.55,1,城,省内,3,男,31,227.85,0,0,否
5dc9d085501f4158ace8c4247c3e3e12,2,360,500000,494401.49,1,乡,省外,3,女,29,5.49,0,0,否
0cfef6ac798747edaa7cd72492be80e1,5,252,500000,495714.09,1,乡,省内,3,男,45,0,0,0,否
374ec2a7b05a4e14953184577efb4ca8,2,204,520000,499896.72,1,乡,省内,5,女,44,1.56,0,0,否
000e915a7ee044c79de31ed38fd8511b,1,240,560000,502209.49,1,乡,省内,3,女,47,1898.58,0,0,否
3e0d0b8ef0594a27b174a47297a48e66,4,120,600000,509948.42,1,乡,省内,5,男,34,493.54,0,0,否
28df3b5e278f4c8bb4737d3ea66e4074,2,336,520000,511112.54,1,乡,省内,3,男,37,187.83,0,0,否
56b8b763771f4bbf85123b8e0bce0370,2,360,529000,512397.71,1,乡,省外,4,男,34,37.25,0,0,否
4387084028c740578443b1c30a382392,4,360,520000,512418.76,1,乡,省外,4,女,26,7.77,0,0,否
4c1dc202f6b247b2a9b1919010d451ac,3,120,600000,513890.18,1,乡,省内,5,女,25,2.31,0,0,否
0ea4db3302034538a5fd4cec08b76b8c,4,300,530000,516871.13,1,乡,省外,3,女,37,8.73,0,0,否
7fcca11d98174658bd8af3c6f5f00daf,3,324,540000,530194.29,1,乡,省外,3,男,38,431.18,0,0,否
7879064b1d4745aa893ad9b7c676d8c7,3,300,550000,533862.51,1,城,省内,5,男,26,0,0,0,否
2e927f8cbe17424c9ecff173747870e1,4,360,540000,535104.17,1,乡,省外,4,女,31,0,0,0,否
1cd1e12622c947c19610357a5354ed72,3,300,550000,535146.89,1,乡,省外,5,男,35,0.04,0,0,否
471920736e90404da8cec804e5ac0c14,2,216,570000,539869.5,1,乡,省外,3,女,40,0,0,0,否
88f87e61a74e48ebb9c061f4fc132d22,3,324,550000,542514.01,1,乡,省外,4,男,33,1.03,0,0,否
985661fcfb6d4482b5a6788bd80e60cd,3,360,550000,543036.46,1,乡,省内,3,男,30,0.14,0,0,否
05fa1003b8814b75b34c79f8f5e05073,2,216,570000,543139.17,1,乡,省内,3,男,48,18.89,0,0,否
69cb6cb042674946ad63fcb02b288ce3,3,360,550000,544537.1,1,乡,省外,4,男,30,0,0,0,否
285e083d1d9a4f6e9c04c6fa62dfdc46,4,204,570000,562822.87,1,城,省内,3,男,49,0.97,0,0,否
3870516822f249a2b02947a8319cc5fc,4,360,590000,563864.38,1,城,省内,5,男,38,0,0,0,否
5a41aff2d8d14bbd8d0c1f2a9b9682dd,4,120,700000,565686.58,1,乡,省内,5,男,38,250.89,0,0,否
fd9bbecac3c043de9b3d2b163abad99e,3,336,580000,575104.11,1,城,省内,4,男,37,0,0,0,否
16b9e872528545a5afae9a5da0885cac,2,360,600000,579593.24,1,乡,省外,5,男,34,0,0,0,否
161af56a62b34d43aa3f796da25b8645,2,300,590000,581839.05,1,乡,省外,3,女,29,0,0,0,否
266adf6476ac48ba8f81d6dee74689ab,4,300,600000,586888.59,1,乡,省外,3,男,36,0,0,0,否
0485521e3bea4813a675288f01dfb1fc,5,240,600000,589609.71,1,乡,省内,4,男,43,24.2,0,0,否
4a37abe2ec234e00badc941aa1a0816c,2,360,630000,593597,1,乡,省外,3,男,31,185.31,0,0,否
0bbae9c94a1647d88a5de658a5f09607,2,264,620000,597886.04,1,乡,省内,5,男,31,40.31,0,0,否
35768c90a4034ee9803bdf40059c9645,2,36,1450000,599983.76,1,乡,省内,4,男,42,12.53,0,0,否
169d9a3d52574e7aa7f38b12422dc796,5,360,630000,625734.52,1,城,省内,5,男,30,2,0,0,否
f00aa46115454608b0ecbc3f889336aa,3,204,650000,628191.1,1,城,省内,3,男,41,63.3,0,0,否
11c4a8b5b2d14987be1c6170fcbb5872,2,360,650000,637313.05,1,乡,省外,3,男,29,0,0,0,否
4998f9cdb10447a0a190d03644c987fc,2,300,650000,638308.59,1,乡,省内,4,男,40,0,0,0,否
3137820727fb46519d45a4d42bb34088,2,324,660000,642904.3,1,乡,省内,3,女,35,0,0,0,否
2628bed1eca34b1aabf62aa1403d0cc5,4,264,690000,667838.99,1,城,省内,5,女,44,124.14,0,0,否
5f744b3791bc4d4f8ce933a75b4ae80e,4,360,680000,673245.84,1,乡,省内,3,女,27,1.65,0,0,否
ff59558dc7be449eabe941bc5c98f379,3,300,710000,697673.59,1,乡,省外,3,男,40,0,0,0,否
2eb859971ace480492f8ab765807e41d,2,360,730000,716327.28,1,乡,省外,5,女,32,0,0,0,否
489ff88c35de44ecb27c036c706f40d2,2,324,760000,743742.82,1,乡,省外,3,女,37,0,0,0,否
8fb0aa14433f43539f7a2c92b215b21b,3,360,770000,744831.24,1,乡,省内,3,男,29,0,0,0,否
8fb0aa14433f43539f7a2c92b215b21b,3,360,770000,744831.24,1,乡,省内,3,男,29,0,0,0,否
3ffce87db0134648bc210a91b3defca1,3,336,780000,752483.68,1,乡,省内,5,男,38,39.33,0,0,否
07be2b2d0d054147a413527e87b24e89,3,360,770000,764808.41,1,乡,省内,4,男,30,0,0,0,否
00168f89013e46d8aadd6530f99fb709,1,348,800000,794229.25,1,城,省内,3,男,36,5871.24,0,0,否
206ec52c344940ce81bf6c21b201884b,4,264,840000,795540.83,1,乡,省内,5,男,45,474.2,0,0,否
54f4ddddecb441d5aaaa51e1909de0d0,5,90,940000,814549.27,1,乡,省内,3,男,54,0,0,0,否
625a675e718d4e6fba4dc274461db5d2,4,216,840000,832679.51,1,城,省外,3,女,48,0,0,0,否
3755bff4a6f84b329553d5c5b7833ac1,2,264,1070000,974952.19,1,乡,省内,3,男,46,650.58,0,0,否
c798ded75fd6487eab0036508d734242,3,360,1150000,1134469.19,1,乡,省内,6,男,36,1.08,0,0,否
002d60855c8940cab1956bc4ae362c1b,1,288,1280000,1256324.84,1,乡,省外,3,女,34,966.04,0,0,否
8f13852ec4474454af1920e762eeb132,3,120,1840000,1360073.93,1,城,省内,5,男,43,0,0,0,否
15a4db8048e0415bb43a809cd76185ff,2,120,2000000,1853405.8,1,乡,省内,2,女,47,432.92,0,0,否